section,bbi_crumbs_present,snippet_hash,crumbs_params,note
ds-cc-base.liquid,True,8a8ab7cc,", c2_label: section.settings.breadcrumb_parent_label, c2_href: _cc_parent_href, c3_label: _cc_title",
ds-cs-base.liquid,True,8a8ab7cc,", c2_label: 'Shop Furniture', c2_href: '/collections/business-furniture', c3_label: parent_title, c3_href: _cs_parent_href, c4_label: page_title",
ds-lp-about.liquid,True,8a8ab7cc,", c2_label: 'About Us'",
ds-lp-brands-ergocentric.liquid,True,8a8ab7cc,", c2_label: 'Brands', c2_href: '/pages/brands', c3_label: 'ergoCentric'",
ds-lp-brands-global-teknion.liquid,True,8a8ab7cc,", c2_label: 'Brands', c2_href: '/pages/brands', c3_label: 'Global / Teknion'",
ds-lp-brands-keilhauer.liquid,True,8a8ab7cc,", c2_label: 'Brands', c2_href: '/pages/brands', c3_label: 'Keilhauer'",
ds-lp-brands.liquid,True,8a8ab7cc,", c2_label: 'Brands'",
ds-lp-contact.liquid,True,8a8ab7cc,", c2_label: 'Contact'",
ds-lp-customer-stories.liquid,True,8a8ab7cc,", c2_label: 'About', c2_href: '/pages/about', c3_label: 'Customer Stories'",
ds-lp-delivery.liquid,True,8a8ab7cc,", c2_label: 'Delivery &amp; Installation'",
ds-lp-design-services.liquid,True,8a8ab7cc,", c2_label: 'Design Services'",
ds-lp-education.liquid,True,8a8ab7cc,", c2_label: 'Industries', c2_href: '/pages/industries', c3_label: 'Education'",
ds-lp-faq.liquid,True,8a8ab7cc,", c2_label: 'FAQ'",
ds-lp-government.liquid,True,8a8ab7cc,", c2_label: 'Industries', c2_href: '/pages/industries', c3_label: 'Government'",
ds-lp-healthcare.liquid,True,8a8ab7cc,", c2_label: 'Industries', c2_href: '/pages/industries', c3_label: 'Healthcare &amp; Clinical'",
ds-lp-industries.liquid,True,8a8ab7cc,", c2_label: 'Industries'",
ds-lp-non-profit.liquid,True,8a8ab7cc,", c2_label: 'Industries', c2_href: '/pages/industries', c3_label: 'Non-Profit'",
ds-lp-oecm.liquid,True,8a8ab7cc,", c2_label: 'OECM Purchasing'",
ds-lp-our-work.liquid,True,8a8ab7cc,", c2_label: 'About', c2_href: '/pages/about', c3_label: 'Our Work'",
ds-lp-professional-services.liquid,True,8a8ab7cc,", c2_label: 'Industries', c2_href: '/pages/industries', c3_label: 'Professional Services'",
ds-lp-quote.liquid,True,8a8ab7cc,", c2_label: 'Request a Quote'",
ds-lp-relocation.liquid,True,8a8ab7cc,", c2_label: 'Relocation Management'",
