Handle,Filename,Shopify_CDN_URL,File_GID,Outcome
lateral-file-storage-cabinet-with-shelves,SoaW7usHrBGuc7MJAWoSo,https://cdn.shopify.com/s/files/1/0859/0413/0361/files/SoaW7usHrBGuc7MJAWoSo_b18c9f30-9b14-432c-8185-c82de416e070.jpg?v=1777133919,,NOT_FOUND
lateral-file-storage-cabinet-with-shelves,9wy4Pu4w3yx-kTIYo8kvF,https://cdn.shopify.com/s/files/1/0859/0413/0361/files/9wy4Pu4w3yx-kTIYo8kvF_15ff31eb-6d45-4223-8faf-e50c904eb17f.jpg?v=1777133921,,NOT_FOUND
lateral-file-storage-cabinet-with-shelves,9O8yC22nYXx2VUlZixpSl,https://cdn.shopify.com/s/files/1/0859/0413/0361/files/9O8yC22nYXx2VUlZixpSl_f0a81f27-b94a-4de5-a7a9-6565ebb43dbe.jpg?v=1777133924,,NOT_FOUND
table-desk-height-adjustable,QilKWBsHWf2CD16jfo_iX,https://cdn.shopify.com/s/files/1/0859/0413/0361/files/QilKWBsHWf2CD16jfo_iX_2e165ef7-9ef0-4077-a953-236faaadde25.jpg?v=1777133927,,NOT_FOUND
table-desk-height-adjustable,mpOt3CGqXOrDBcV9xjdBo,https://cdn.shopify.com/s/files/1/0859/0413/0361/files/mpOt3CGqXOrDBcV9xjdBo_d62dac80-e7cf-4054-8482-d0ba3226a1c1.jpg?v=1777133929,,NOT_FOUND
table-desk-height-adjustable,QL3LwVynIgHoEAEbo8hcT,https://cdn.shopify.com/s/files/1/0859/0413/0361/files/QL3LwVynIgHoEAEbo8hcT_c7b0209c-ff37-4e50-bcf9-420d68c02999.jpg?v=1777133931,,NOT_FOUND
lateral-file-used-5-drawer-beige-nevada,4pPMT5cf1sBcgLbdovBQf,https://cdn.shopify.com/s/files/1/0859/0413/0361/files/4pPMT5cf1sBcgLbdovBQf_8897d43f-85de-4151-a5e9-ab08caf1cfe1.jpg?v=1777133934,,NOT_FOUND
lateral-file-used-5-drawer-beige-nevada,q9T1_x4AlLNqh9G33996T,https://cdn.shopify.com/s/files/1/0859/0413/0361/files/q9T1_x4AlLNqh9G33996T_f5f34606-1cc9-41b5-a76c-4c9e77472096.jpg?v=1777133937,,NOT_FOUND
lateral-file-used-5-drawer-beige-nevada,HgtYjAEax4K7NLOz9oUYF,https://cdn.shopify.com/s/files/1/0859/0413/0361/files/HgtYjAEax4K7NLOz9oUYF_8b504f70-dd17-410d-9aa8-9731ff40805b.jpg?v=1777133939,,NOT_FOUND
l-shape-workstations,3k8Tf3F1cffe23Ok3M8tC,https://cdn.shopify.com/s/files/1/0859/0413/0361/files/3k8Tf3F1cffe23Ok3M8tC_a62ed12d-dc3e-4c90-87db-95ebeed71306.jpg?v=1777133942,,NOT_FOUND
l-shape-workstations,KSACNRIBrlkolTVW-KVa6,https://cdn.shopify.com/s/files/1/0859/0413/0361/files/KSACNRIBrlkolTVW-KVa6_2b9d3bb6-8e52-47fe-a0d3-6f9f316e25cd.jpg?v=1777133945,,NOT_FOUND
l-shape-workstations,c-nsekrsdfGSqYnmudmLE,https://cdn.shopify.com/s/files/1/0859/0413/0361/files/c-nsekrsdfGSqYnmudmLE_90656764-1773-4af5-9759-fc15ff23c3a3.jpg?v=1777133947,,NOT_FOUND
sonic-armchair-polypropylene-seat-back-6513,3YQDl9beyCmsK9YQTE8ek,https://cdn.shopify.com/s/files/1/0859/0413/0361/files/3YQDl9beyCmsK9YQTE8ek_493b5b5c-9f69-4f4e-8068-29db527d3142.jpg?v=1777133950,,NOT_FOUND
sonic-armchair-polypropylene-seat-back-6513,o8HqZM14HjiXKNA9_K_QI,https://cdn.shopify.com/s/files/1/0859/0413/0361/files/o8HqZM14HjiXKNA9_K_QI_2b0216ea-a99b-4415-a666-f3630af5a296.jpg?v=1777133953,,NOT_FOUND
sonic-armchair-polypropylene-seat-back-6513,WfpScGZw8TOzeNRyxfzCq,https://cdn.shopify.com/s/files/1/0859/0413/0361/files/WfpScGZw8TOzeNRyxfzCq_cfce397e-1538-4611-ab33-8fa6f980383f.jpg?v=1777133955,,NOT_FOUND
sonic-armless-counter-stool-polypropylene-seat-back-6558cs,sS29lM1OL3-i9juzQzoeY,https://cdn.shopify.com/s/files/1/0859/0413/0361/files/sS29lM1OL3-i9juzQzoeY_5be53826-e026-4be5-aec4-1ba0cc1e1955.jpg?v=1777133958,,NOT_FOUND
sonic-armless-counter-stool-polypropylene-seat-back-6558cs,i7AmEFJNfPGg-mPfdziML,https://cdn.shopify.com/s/files/1/0859/0413/0361/files/i7AmEFJNfPGg-mPfdziML_6d261eb4-8497-4bcf-bdcc-e09bf1ffad3f.jpg?v=1777133961,,NOT_FOUND
sonic-armless-counter-stool-polypropylene-seat-back-6558cs,mWyC7WEevOIpzwM01Y61q,https://cdn.shopify.com/s/files/1/0859/0413/0361/files/mWyC7WEevOIpzwM01Y61q_b46ec51b-ae84-4a31-b9f0-7c370a82d709.jpg?v=1777133963,,NOT_FOUND
white-board-magnetic-mobile-on-wheels,8RicquUb-nOnJd5z_nCM-,https://cdn.shopify.com/s/files/1/0859/0413/0361/files/8RicquUb-nOnJd5z_nCM_3fe59c07-1e3d-4cc9-95a6-075dcbb9cae2.jpg?v=1777133967,,NOT_FOUND
white-board-magnetic-mobile-on-wheels,X6qbFYt0LNQ8xOmDEnU37,https://cdn.shopify.com/s/files/1/0859/0413/0361/files/X6qbFYt0LNQ8xOmDEnU37_d1c945b2-7221-4ead-a39b-ea4f0cf94b15.jpg?v=1777133969,,NOT_FOUND
white-board-magnetic-mobile-on-wheels,TCkfl_K7DFN_R7-t0ujoi,https://cdn.shopify.com/s/files/1/0859/0413/0361/files/TCkfl_K7DFN_R7-t0ujoi_8602ee28-5fb6-46d8-9561-b77b01ea3fa3.jpg?v=1777133971,,NOT_FOUND
solo-gues-chair,1yiLP_ja4COmOraVpX_We,https://cdn.shopify.com/s/files/1/0859/0413/0361/files/1yiLP_ja4COmOraVpX_We_5b755d12-8106-420a-9c2d-77f30fb360c7.jpg?v=1777133974,,NOT_FOUND
solo-gues-chair,WKn3Q6cFYCr6p3VEWMzb8,https://cdn.shopify.com/s/files/1/0859/0413/0361/files/WKn3Q6cFYCr6p3VEWMzb8_fc1c9402-0994-4393-bc2c-96c76cdaade2.jpg?v=1777133977,,NOT_FOUND
solo-gues-chair,IYFmUE7JR_2KcDgWLA8VV,https://cdn.shopify.com/s/files/1/0859/0413/0361/files/IYFmUE7JR_2KcDgWLA8VV_343a610f-abbd-41c3-a249-bbf4f13bf883.jpg?v=1777133979,,NOT_FOUND
arm-caps-for-2330-chair,mhCisAjC03k9X8srjZ2dO,https://cdn.shopify.com/s/files/1/0859/0413/0361/files/mhCisAjC03k9X8srjZ2dO_312d21f6-7eb8-44e2-b599-5bc5061620f6.jpg?v=1777133982,,NOT_FOUND
arm-caps-for-2330-chair,c0VkiYz-r5UHelOPFyN8j,https://cdn.shopify.com/s/files/1/0859/0413/0361/files/c0VkiYz-r5UHelOPFyN8j_3d1952d0-2d85-4baf-adc5-a9e5f1b480ab.jpg?v=1777133985,,NOT_FOUND
arm-caps-for-2330-chair,lxE_T3u6-4GZ1vwBBIPXe,https://cdn.shopify.com/s/files/1/0859/0413/0361/files/lxE_T3u6-4GZ1vwBBIPXe_764c8728-1eda-4bda-84d9-e1467229a706.jpg?v=1777133987,,NOT_FOUND
tritek-7472-3-chair,2t7Im3dsCkXswGb-pzUUO,https://cdn.shopify.com/s/files/1/0859/0413/0361/files/2t7Im3dsCkXswGb-pzUUO_8683748a-62be-45cb-8e8d-93885a20589b.jpg?v=1777133990,,NOT_FOUND
tritek-7472-3-chair,xDT5LDWcXmKxTL2nb2jS0,https://cdn.shopify.com/s/files/1/0859/0413/0361/files/xDT5LDWcXmKxTL2nb2jS0_f1efac09-e558-472f-874c-53467084a38f.jpg?v=1777133993,,NOT_FOUND
tritek-7472-3-chair,ezMV-B2_yE6GY3SFIKX-_,https://cdn.shopify.com/s/files/1/0859/0413/0361/files/ezMV-B2_yE6GY3SFIKX_3b301bb7-3b48-481c-ac0f-21976915434b.jpg?v=1777133995,,NOT_FOUND
finch-armless-stacking-armchair-mvl11704,49p9UHs75yM_6IFDz-KfF,https://cdn.shopify.com/s/files/1/0859/0413/0361/files/49p9UHs75yM_6IFDz-KfF_dedaf402-53d3-466a-bc9c-368efc023554.jpg?v=1777133998,,NOT_FOUND
finch-armless-stacking-armchair-mvl11704,K1PKIkeCKsu3I94rlmMoa,https://cdn.shopify.com/s/files/1/0859/0413/0361/files/K1PKIkeCKsu3I94rlmMoa_449752c1-a149-4464-8160-0225cd484b40.jpg?v=1777134001,,NOT_FOUND
finch-armless-stacking-armchair-mvl11704,V4tsLVoWhpaGh_AsCUOPs,https://cdn.shopify.com/s/files/1/0859/0413/0361/files/V4tsLVoWhpaGh_AsCUOPs_ced22654-46d7-4956-aa5c-7350c936fec8.jpg?v=1777134003,,NOT_FOUND
low-back-stacking-chair-mvl2747,JoAt7kuVHov1FDN_LrD7Z,https://cdn.shopify.com/s/files/1/0859/0413/0361/files/JoAt7kuVHov1FDN_LrD7Z_b2ae613e-0176-4df6-8a2c-1e0717104859.jpg?v=1777134006,,NOT_FOUND
low-back-stacking-chair-mvl2747,TFKeOblQQrW_2LHojj864,https://cdn.shopify.com/s/files/1/0859/0413/0361/files/TFKeOblQQrW_2LHojj864_af58d139-42a0-401c-a93a-da52f9cabe4c.jpg?v=1777134009,,NOT_FOUND
low-back-stacking-chair-mvl2747,8Hlhn95tBpALOSk752K0I,https://cdn.shopify.com/s/files/1/0859/0413/0361/files/8Hlhn95tBpALOSk752K0I_93c8d79f-014b-4f01-9113-b8bdc29390c7.jpg?v=1777134012,,NOT_FOUND
armless-low-back-stacking-chair-mvl2748,etb2RPq2dq6TqiHXK-Ts8,https://cdn.shopify.com/s/files/1/0859/0413/0361/files/etb2RPq2dq6TqiHXK-Ts8_5250d997-18be-45cf-bcda-dfefba7433cf.jpg?v=1777134015,,NOT_FOUND
armless-low-back-stacking-chair-mvl2748,q0i1SbjWN0f29A25lXLRA,https://cdn.shopify.com/s/files/1/0859/0413/0361/files/q0i1SbjWN0f29A25lXLRA_19844050-3c5f-4fe1-bed8-0702c4496fce.jpg?v=1777134017,,NOT_FOUND
armless-low-back-stacking-chair-mvl2748,xUxXHziMHiEwdwpj7c8he,https://cdn.shopify.com/s/files/1/0859/0413/0361/files/xUxXHziMHiEwdwpj7c8he_66e009d2-665e-4f8b-ba2f-0c53ae83ecc7.jpg?v=1777134020,,NOT_FOUND
temptations-office-suite-copy,KIn2OghluQvObeuIYDbLV,https://cdn.shopify.com/s/files/1/0859/0413/0361/files/KIn2OghluQvObeuIYDbLV_48a7ba9f-323f-4b11-a361-fac93c400b25.jpg?v=1777134023,,NOT_FOUND
temptations-office-suite-copy,luVWBuDggBAdFcfX6sp_W,https://cdn.shopify.com/s/files/1/0859/0413/0361/files/luVWBuDggBAdFcfX6sp_W_5adeb1c7-fd8d-4046-a507-dee3ddef2299.jpg?v=1777134026,,NOT_FOUND
temptations-office-suite-copy,sbrxkDsg7sMH5ocIHurrh,https://cdn.shopify.com/s/files/1/0859/0413/0361/files/sbrxkDsg7sMH5ocIHurrh_05c0dee7-44f0-4804-97f0-93d048ea4e0d.jpg?v=1777134028,,NOT_FOUND
temptations-office-suite,L3vFYuACtCnw_aN3fDhQj,https://cdn.shopify.com/s/files/1/0859/0413/0361/files/L3vFYuACtCnw_aN3fDhQj_056b48dd-0a6b-4c15-9455-fdcd9136f933.jpg?v=1777134031,,NOT_FOUND
temptations-office-suite,PJgNnzscwbeY2fPquXMbc,https://cdn.shopify.com/s/files/1/0859/0413/0361/files/PJgNnzscwbeY2fPquXMbc_9cbdc370-8b68-479f-b309-2396853a4594.jpg?v=1777134034,,NOT_FOUND
temptations-office-suite,fQfRMGw-dwsInRuOPVs9G,https://cdn.shopify.com/s/files/1/0859/0413/0361/files/fQfRMGw-dwsInRuOPVs9G_d6dd3d47-48c7-4c6b-8626-b6c656c881b4.jpg?v=1777134037,,NOT_FOUND
fax-printer-machine-stand,9_YUsVNn2cfG4V1_CfphO,https://cdn.shopify.com/s/files/1/0859/0413/0361/files/9_YUsVNn2cfG4V1_CfphO_e632303e-4d72-4622-ba85-aa4f68ea524c.jpg?v=1777134040,,NOT_FOUND
fax-printer-machine-stand,ETcaPYk0bHPlBVjyyLiZ0,https://cdn.shopify.com/s/files/1/0859/0413/0361/files/ETcaPYk0bHPlBVjyyLiZ0_c38397bd-8680-4a30-be64-fc9665e21139.jpg?v=1777134042,,NOT_FOUND
fax-printer-machine-stand,aFmBLp5Eeh7o7jiHnol9Z,https://cdn.shopify.com/s/files/1/0859/0413/0361/files/aFmBLp5Eeh7o7jiHnol9Z_053ef379-13d9-4e3c-ac75-37fa352132db.jpg?v=1777134045,,NOT_FOUND
follower-block-mvlfb,hWtVmu0-3nGqyZnAb279N,https://cdn.shopify.com/s/files/1/0859/0413/0361/files/hWtVmu0-3nGqyZnAb279N_3c541120-9e7f-42fe-90ea-25abedf80b58.jpg?v=1777134048,,NOT_FOUND
follower-block-mvlfb,AgD5w7i8v_3HZBKQZEmy1,https://cdn.shopify.com/s/files/1/0859/0413/0361/files/AgD5w7i8v_3HZBKQZEmy1_7d28b9f5-e09e-41f1-b2e3-7ba11402e0a5.jpg?v=1777134050,,NOT_FOUND
follower-block-mvlfb,JPZSupZgveEFqit2km7Zz,https://cdn.shopify.com/s/files/1/0859/0413/0361/files/JPZSupZgveEFqit2km7Zz_ac9dde18-208a-4bfa-b90b-932ff660a106.jpg?v=1777134053,,NOT_FOUND
levels-bookcase,l6P8AwZy8jeYnWAyJzqnn,https://cdn.shopify.com/s/files/1/0859/0413/0361/files/l6P8AwZy8jeYnWAyJzqnn_f84ae32b-fd22-4c1e-9672-4bd1ae8deb8f.jpg?v=1777134056,,NOT_FOUND
levels-bookcase,UbQc-LtnE3DdN0WrwnTTo,https://cdn.shopify.com/s/files/1/0859/0413/0361/files/UbQc-LtnE3DdN0WrwnTTo_22ba42bd-9099-4737-864c-d6adb88c71ae.jpg?v=1777134059,,NOT_FOUND
levels-bookcase,taiucym7qD8C-5ZlgtBfl,https://cdn.shopify.com/s/files/1/0859/0413/0361/files/taiucym7qD8C-5ZlgtBfl_3a66c0bf-0995-4fc0-99ce-278d67b00a57.jpg?v=1777134061,,NOT_FOUND
keys-2-set,o8c6y1GUSQlod-Qnx5Q42,https://cdn.shopify.com/s/files/1/0859/0413/0361/files/o8c6y1GUSQlod-Qnx5Q42_b2183742-f4d0-4ea7-ba96-6de03eb204f1.jpg?v=1777134064,,NOT_FOUND
keys-2-set,-psshfGOaXC0PYJCcREvM,https://cdn.shopify.com/s/files/1/0859/0413/0361/files/psshfGOaXC0PYJCcREvM_bbe2e8d6-6a57-4933-a369-a3fa060537da.jpg?v=1777134067,,NOT_FOUND
keys-2-set,P_zbVbQLD0jraPtau2Sfh,https://cdn.shopify.com/s/files/1/0859/0413/0361/files/P_zbVbQLD0jraPtau2Sfh_c643b511-0df6-444f-af3f-0296a2c3e9c0.jpg?v=1777134069,,NOT_FOUND
newland-16w-box-box-file-mobile-pedestal-nlmp23bbf,m7YLKQueZzxpt36Uy-qzy,https://cdn.shopify.com/s/files/1/0859/0413/0361/files/m7YLKQueZzxpt36Uy-qzy_2832ae2d-b139-4af6-b723-1459ac0ed1ce.jpg?v=1777134072,,NOT_FOUND
newland-16w-box-box-file-mobile-pedestal-nlmp23bbf,oCl6B2oKut_gQ3L4sllhd,https://cdn.shopify.com/s/files/1/0859/0413/0361/files/oCl6B2oKut_gQ3L4sllhd_3d360608-0260-4bae-8f8c-6db0b34fa454.jpg?v=1777134074,,NOT_FOUND
newland-16w-box-box-file-mobile-pedestal-nlmp23bbf,QqryI1bk7QKnA3SWhDv1o,https://cdn.shopify.com/s/files/1/0859/0413/0361/files/QqryI1bk7QKnA3SWhDv1o_e1418451-9a12-459e-89a8-d36251f4d5a2.jpg?v=1777134077,,NOT_FOUND
sonic-armchair-upholstered-seat-polypropylene-back-casters-6574,B5ZAY18GW2lh4OJikHnm2,https://cdn.shopify.com/s/files/1/0859/0413/0361/files/B5ZAY18GW2lh4OJikHnm2_d0a297cd-059e-499f-96c9-ef3b12fd0ef3.jpg?v=1777134080,,NOT_FOUND
sonic-armchair-upholstered-seat-polypropylene-back-casters-6574,PZ2Ie21m11EyW8AGYPQbM,https://cdn.shopify.com/s/files/1/0859/0413/0361/files/PZ2Ie21m11EyW8AGYPQbM_d62948aa-424b-4036-bb9a-163e043f46d4.jpg?v=1777134082,,NOT_FOUND
sonic-armchair-upholstered-seat-polypropylene-back-casters-6574,EAKh881b-lX7utp-5pqTE,https://cdn.shopify.com/s/files/1/0859/0413/0361/files/EAKh881b-lX7utp-5pqTE_3b299025-4dbe-49b6-9310-61298b0105c1.jpg?v=1777134085,,NOT_FOUND
laptop-holder-for-100-ma1c-100-ma2c-monitor-arms,B5dyduWsRU4rKpxDrbxD6,https://cdn.shopify.com/s/files/1/0859/0413/0361/files/B5dyduWsRU4rKpxDrbxD6_cf633b9c-2fc7-4f8b-9d7d-59866f88abda.jpg?v=1777134088,,NOT_FOUND
laptop-holder-for-100-ma1c-100-ma2c-monitor-arms,CFXP4P1eKX6S9633LNlJ7,https://cdn.shopify.com/s/files/1/0859/0413/0361/files/CFXP4P1eKX6S9633LNlJ7_9e21c746-a24c-47f1-a0b6-050bc7d476cc.jpg?v=1777134091,,NOT_FOUND
laptop-holder-for-100-ma1c-100-ma2c-monitor-arms,BRf7m1mf54SyMvDrHfgSe,https://cdn.shopify.com/s/files/1/0859/0413/0361/files/BRf7m1mf54SyMvDrHfgSe_4885c8f6-536d-4c90-b473-71f98052e74e.jpg?v=1777134093,,NOT_FOUND
cluster-seating-2,_DC6f_lwMyI-SFymyKnU1,https://cdn.shopify.com/s/files/1/0859/0413/0361/files/DC6f_lwMyI-SFymyKnU1_d60a56d0-3049-477b-a726-25da86480e44.jpg?v=1777134096,,NOT_FOUND
cluster-seating-2,zv18pEGrWO6lDuTgveWxi,https://cdn.shopify.com/s/files/1/0859/0413/0361/files/zv18pEGrWO6lDuTgveWxi_18c25c26-755e-419e-8bb6-37690dd8c250.jpg?v=1777134099,,NOT_FOUND
cluster-seating-2,Xb4Bij1pJiVWy4f5MH1nI,https://cdn.shopify.com/s/files/1/0859/0413/0361/files/Xb4Bij1pJiVWy4f5MH1nI_cf35c86f-2e0c-41d0-b17d-b55d0713b700.jpg?v=1777134101,,NOT_FOUND
cluster-seating,yIB2S2woD4cfGJI7ggfVk,https://cdn.shopify.com/s/files/1/0859/0413/0361/files/yIB2S2woD4cfGJI7ggfVk_c747d10e-00b0-4f57-bae5-cca19d43bb4a.jpg?v=1777134104,,NOT_FOUND
cluster-seating,3APJODlPV4JUYVjzrP-R_,https://cdn.shopify.com/s/files/1/0859/0413/0361/files/3APJODlPV4JUYVjzrP-R_9f6eac81-b86d-49b3-aacf-b278210937be.jpg?v=1777134107,,NOT_FOUND
cluster-seating,Xd9votBy51H3bR_wcsSj9,https://cdn.shopify.com/s/files/1/0859/0413/0361/files/Xd9votBy51H3bR_wcsSj9_c775ef7c-3c20-48bb-a64e-7672c24da666.jpg?v=1777134110,,NOT_FOUND
contemporary-metal-desk,TazR9PYn4VlvQll2MuF-w,https://cdn.shopify.com/s/files/1/0859/0413/0361/files/TazR9PYn4VlvQll2MuF-w_0e256972-e8eb-4dc1-a902-26643cbb9af1.jpg?v=1777134113,,NOT_FOUND
contemporary-metal-desk,S8YBWur4D5xgn3RsQdhZw,https://cdn.shopify.com/s/files/1/0859/0413/0361/files/S8YBWur4D5xgn3RsQdhZw_073b2048-b134-45bd-9d21-96840b93c4cb.jpg?v=1777134115,,NOT_FOUND
contemporary-metal-desk,Ml7xDQ2G_bfqpuctO4niH,https://cdn.shopify.com/s/files/1/0859/0413/0361/files/Ml7xDQ2G_bfqpuctO4niH_53615c27-bf1c-4e10-9f8e-494f9141386f.jpg?v=1777134117,,NOT_FOUND
metal-apex-desk,87C5RZc7dS-8Hb-lRAVNe,https://cdn.shopify.com/s/files/1/0859/0413/0361/files/87C5RZc7dS-8Hb-lRAVNe_8a665ad1-0f2f-49ca-b6c8-8853f393b3aa.jpg?v=1777134120,,NOT_FOUND
metal-apex-desk,yxADL44mJpsK3C6vRPcQx,https://cdn.shopify.com/s/files/1/0859/0413/0361/files/yxADL44mJpsK3C6vRPcQx_d7e7bf98-83b3-443f-98a0-5cdb27fab5d9.jpg?v=1777134123,,NOT_FOUND
metal-apex-desk,83EJNpL_0K9_8AS_Su7Up,https://cdn.shopify.com/s/files/1/0859/0413/0361/files/83EJNpL_0K9_8AS_Su7Up_d8b8bea6-f600-456b-9c94-f670202eb84f.jpg?v=1777134125,,NOT_FOUND
dispose,eyRKB4Ft6Y7z6wLdEqVR7,https://cdn.shopify.com/s/files/1/0859/0413/0361/files/eyRKB4Ft6Y7z6wLdEqVR7_4d7da71c-336b-4790-81c6-c756583cd730.jpg?v=1777134128,,NOT_FOUND
dispose,Wd4p2Tax0QsmNOqmY1K1g,https://cdn.shopify.com/s/files/1/0859/0413/0361/files/Wd4p2Tax0QsmNOqmY1K1g_a9c17f2e-53dd-44e7-bd18-1d07ca7bd453.jpg?v=1777134131,,NOT_FOUND
dispose,SpkPYJDehWDn8t8_85s2Z,https://cdn.shopify.com/s/files/1/0859/0413/0361/files/SpkPYJDehWDn8t8_85s2Z_7258943e-eb3e-4db8-b8a7-15109943a5a7.jpg?v=1777134133,,NOT_FOUND
robust-high-back-multi-tilter-chair-2526,L9Y4z_jZAMlvWhuBqTF-T,https://cdn.shopify.com/s/files/1/0859/0413/0361/files/L9Y4z_jZAMlvWhuBqTF-T_c1f44b87-4fc8-4b8f-ba93-e4f96767ebc0.jpg?v=1777134136,,NOT_FOUND
robust-high-back-multi-tilter-chair-2526,osrGpCi5lfkovaOuz56Kh,https://cdn.shopify.com/s/files/1/0859/0413/0361/files/osrGpCi5lfkovaOuz56Kh_cafdab62-0192-4ab6-8abf-265e047b9306.jpg?v=1777134139,,NOT_FOUND
robust-high-back-multi-tilter-chair-2526,RDRTLFGppftIC28TKF4Ip,https://cdn.shopify.com/s/files/1/0859/0413/0361/files/RDRTLFGppftIC28TKF4Ip_4ef0426e-ba0f-4e9d-a053-965c9500adec.jpg?v=1777134141,,NOT_FOUND
hutch-with-doors,Y670z7Fu7qrPbC374YNnW,https://cdn.shopify.com/s/files/1/0859/0413/0361/files/Y670z7Fu7qrPbC374YNnW_1d0b109b-45a5-40f0-9f24-a1daea63b392.jpg?v=1777134145,,NOT_FOUND
hutch-with-doors,3d67wEtXB114KNCHIqWF-,https://cdn.shopify.com/s/files/1/0859/0413/0361/files/3d67wEtXB114KNCHIqWF_03c2e886-2a0b-48df-8619-f8321c2136c8.jpg?v=1777134147,,NOT_FOUND
hutch-with-doors,WvwrlfW5dMwEg4l9Mh920,https://cdn.shopify.com/s/files/1/0859/0413/0361/files/WvwrlfW5dMwEg4l9Mh920_001d2fb7-7a57-4614-a19d-a2b62f3d8390.jpg?v=1777134149,,NOT_FOUND
executive-workstation-10x10,7RJ67TVvZTMOdWzgKvf_l,https://cdn.shopify.com/s/files/1/0859/0413/0361/files/7RJ67TVvZTMOdWzgKvf_l_32a5a8bb-6768-497b-99d9-323fa9ab27a9.jpg?v=1777134152,,NOT_FOUND
executive-workstation-10x10,NZ7GaNL2FES6eSt7taSFR,https://cdn.shopify.com/s/files/1/0859/0413/0361/files/NZ7GaNL2FES6eSt7taSFR_3fda8ced-3db5-49ba-85e8-58d2050795eb.jpg?v=1777134155,,NOT_FOUND
executive-workstation-10x10,VbW9YL4_DKfDmOeWMKQuK,https://cdn.shopify.com/s/files/1/0859/0413/0361/files/VbW9YL4_DKfDmOeWMKQuK_14e7211e-b08d-4c27-bcd7-2028e54096df.jpg?v=1777134157,,NOT_FOUND
l-shape-desk-set-72x72,D2u5mCqxaIhtxKxC2tNlX,https://cdn.shopify.com/s/files/1/0859/0413/0361/files/D2u5mCqxaIhtxKxC2tNlX_5aa13c20-6767-4bca-bb37-901c1bc7d727.jpg?v=1777134160,,NOT_FOUND
l-shape-desk-set-72x72,NWKBjrrQQFI_W7W8M3biL,https://cdn.shopify.com/s/files/1/0859/0413/0361/files/NWKBjrrQQFI_W7W8M3biL_826fa61a-e850-4ed9-aa9a-6caa149b7c1c.jpg?v=1777134163,,NOT_FOUND
l-shape-desk-set-72x72,GeMarQkuc3zQhadF5w0qz,https://cdn.shopify.com/s/files/1/0859/0413/0361/files/GeMarQkuc3zQhadF5w0qz_2da9e06e-fcd8-4b45-8fd4-6b88721476ef.jpg?v=1777134165,,NOT_FOUND
l-shape-desk-with-hutch,E1F78b1La8zzUQlx_WG7v,https://cdn.shopify.com/s/files/1/0859/0413/0361/files/E1F78b1La8zzUQlx_WG7v_6050d061-40fb-4488-af7b-00c420444f91.jpg?v=1777134168,,NOT_FOUND
l-shape-desk-with-hutch,wyjwWZNa3f5poElGbqw0E,https://cdn.shopify.com/s/files/1/0859/0413/0361/files/wyjwWZNa3f5poElGbqw0E_756cccb2-9d9b-480e-b1db-e2501bbd6d98.jpg?v=1777134171,,NOT_FOUND
l-shape-desk-with-hutch,yA2Eg7Aye7nfp-akPkOK9,https://cdn.shopify.com/s/files/1/0859/0413/0361/files/yA2Eg7Aye7nfp-akPkOK9_a5e3af23-2984-4c2d-a37d-f72f11c87a22.jpg?v=1777134173,,NOT_FOUND
indigenous-medicine-wheel-huddl,JzhhYxa8Bti9ct9PsY3oS,https://cdn.shopify.com/s/files/1/0859/0413/0361/files/JzhhYxa8Bti9ct9PsY3oS_e4ed8707-3190-47de-9e2b-4a2074343b0c.jpg?v=1777134176,,NOT_FOUND
indigenous-medicine-wheel-huddl,f1Yf2Flx-C01E7ozZE1qK,https://cdn.shopify.com/s/files/1/0859/0413/0361/files/f1Yf2Flx-C01E7ozZE1qK_48d38602-e16c-4541-875b-7d6345d9c571.jpg?v=1777134179,,NOT_FOUND
indigenous-medicine-wheel-huddl,RRm1IPw-Q5fTla-3ZifYg,https://cdn.shopify.com/s/files/1/0859/0413/0361/files/RRm1IPw-Q5fTla-3ZifYg_39ed5689-3a6b-4b8c-956a-34451a40c161.jpg?v=1777134181,,NOT_FOUND
coffee-table-1,WIZDXkVgDMl2_6RLF1Rq9,https://cdn.shopify.com/s/files/1/0859/0413/0361/files/WIZDXkVgDMl2_6RLF1Rq9_709d4d56-db68-4d72-838c-dbc5b5ab8f70.jpg?v=1777134184,,NOT_FOUND
coffee-table-1,2nmzWXghgtDDlvMLOop4j,https://cdn.shopify.com/s/files/1/0859/0413/0361/files/2nmzWXghgtDDlvMLOop4j_8cd3c3cb-ef6f-4e93-bbf8-e00520d4767f.jpg?v=1777134187,,NOT_FOUND
coffee-table-1,zlEs3F535j3Cas_PGKqbK,https://cdn.shopify.com/s/files/1/0859/0413/0361/files/zlEs3F535j3Cas_PGKqbK_16583c4e-dd1b-48e5-bcb5-730c86bdeb12.jpg?v=1777134189,,NOT_FOUND
credenza-storage-storage-with-locks,L-y9dn96LfLC7g2Uajbyu,https://cdn.shopify.com/s/files/1/0859/0413/0361/files/L-y9dn96LfLC7g2Uajbyu_016e446c-b6a3-4b82-93c5-519754ab6bc2.jpg?v=1777134192,,NOT_FOUND
credenza-storage-storage-with-locks,b4AnCP6zoQhF3jx_LcWwW,https://cdn.shopify.com/s/files/1/0859/0413/0361/files/b4AnCP6zoQhF3jx_LcWwW_90b96bcb-dbc5-434f-ad68-57c67191cb31.jpg?v=1777134195,,NOT_FOUND
credenza-storage-storage-with-locks,g79UJJbmHU48zzJoHAABp,https://cdn.shopify.com/s/files/1/0859/0413/0361/files/g79UJJbmHU48zzJoHAABp_6eab762d-a1e1-4064-87be-374b45068b7c.jpg?v=1777134197,,NOT_FOUND
links-custom-reception-unit-60x72,ktDjGsK7MiwtbkX72qs-2,https://cdn.shopify.com/s/files/1/0859/0413/0361/files/ktDjGsK7MiwtbkX72qs-2_bf3df8c2-0404-4e03-8d40-8b34a18a638f.jpg?v=1777134200,,NOT_FOUND
links-custom-reception-unit-60x72,YMxFjfyaQoV7NbgKkIhpc,https://cdn.shopify.com/s/files/1/0859/0413/0361/files/YMxFjfyaQoV7NbgKkIhpc_924d2124-7882-47ce-b1d5-7c63d32b7b2f.jpg?v=1777134203,,NOT_FOUND
links-custom-reception-unit-60x72,97G_kA_CRA-96F4-iENyZ,https://cdn.shopify.com/s/files/1/0859/0413/0361/files/97G_kA_CRA-96F4-iENyZ_e760a6b3-b01d-476d-b925-e3b3c687f436.jpg?v=1777134205,,NOT_FOUND
wardrobe-storage-cabinet-htwlevsr7218,Pi4s02BMRYa7Nhlsgd_Zk,https://cdn.shopify.com/s/files/1/0859/0413/0361/files/Pi4s02BMRYa7Nhlsgd_Zk_9e2dc1b8-84a7-41e0-a837-5950e8e74801.jpg?v=1777134208,,NOT_FOUND
wardrobe-storage-cabinet-htwlevsr7218,cx_Zj2xzbrcpxKSIptwRK,https://cdn.shopify.com/s/files/1/0859/0413/0361/files/cx_Zj2xzbrcpxKSIptwRK_d10cb97b-9245-49a1-839d-a33fd5dffeb6.jpg?v=1777134211,,NOT_FOUND
wardrobe-storage-cabinet-htwlevsr7218,8VP4ToK6HI5idKQPHuFQL,https://cdn.shopify.com/s/files/1/0859/0413/0361/files/8VP4ToK6HI5idKQPHuFQL_c8f3eadf-33e0-40d0-97bf-d20b0d444f38.jpg?v=1777134213,,NOT_FOUND
l-shape-suire,MPX_y3zUIB0vILWqr9Zr6,https://cdn.shopify.com/s/files/1/0859/0413/0361/files/MPX_y3zUIB0vILWqr9Zr6_14d61679-9725-43d4-9ca9-556c4179e6df.jpg?v=1777134216,,NOT_FOUND
l-shape-suire,-6M-pBIBNKmh75chaxuJn,https://cdn.shopify.com/s/files/1/0859/0413/0361/files/6M-pBIBNKmh75chaxuJn_1ca61787-63de-4c32-beb6-e25fc79fbe99.jpg?v=1777134219,,NOT_FOUND
l-shape-suire,9BuDFzXrQD9_0QUlUPfuw,https://cdn.shopify.com/s/files/1/0859/0413/0361/files/9BuDFzXrQD9_0QUlUPfuw_c050de02-1016-4124-9045-bb3204827bcf.jpg?v=1777134221,,NOT_FOUND
offices-to-go-newland-l-shaped-suite-nlp420,XOvT8W5MIaOkDWw4-c0jK,https://cdn.shopify.com/s/files/1/0859/0413/0361/files/XOvT8W5MIaOkDWw4-c0jK_70f6e4e9-9fe7-40e1-b435-7187902627d8.jpg?v=1777134224,,NOT_FOUND
offices-to-go-newland-l-shaped-suite-nlp420,vecihqoy0hQmPZ1QQPyGb,https://cdn.shopify.com/s/files/1/0859/0413/0361/files/vecihqoy0hQmPZ1QQPyGb_96ee9075-c1ce-4c06-9843-f09a4dc40bd6.jpg?v=1777134227,,NOT_FOUND
offices-to-go-newland-l-shaped-suite-nlp420,ePMLte9vEJWx0FoctljBx,https://cdn.shopify.com/s/files/1/0859/0413/0361/files/ePMLte9vEJWx0FoctljBx_ffc05e6a-9581-41f6-bea0-3950310ebb4c.jpg?v=1777134229,,NOT_FOUND
meeting-table,IuWTA451Y-K5c3k6YSwFz,https://cdn.shopify.com/s/files/1/0859/0413/0361/files/IuWTA451Y-K5c3k6YSwFz_3f80f4f5-68c3-417c-832e-5797b6aee962.jpg?v=1777134232,,NOT_FOUND
meeting-table,rQL6Gq0x5K-uZk2gLJdtW,https://cdn.shopify.com/s/files/1/0859/0413/0361/files/rQL6Gq0x5K-uZk2gLJdtW_45c70d85-6257-40ba-a35a-6d8bc5cd9928.jpg?v=1777134235,,NOT_FOUND
meeting-table,-ftjSdAhlJjJexxFTKqaf,https://cdn.shopify.com/s/files/1/0859/0413/0361/files/ftjSdAhlJjJexxFTKqaf_412c7603-6eb5-4809-a08b-601e1d4551a4.jpg?v=1777134237,,NOT_FOUND
storage-cabinet-with-doors,M7q94oFo_aZmOty4LgM-S,https://cdn.shopify.com/s/files/1/0859/0413/0361/files/M7q94oFo_aZmOty4LgM-S_e6f5b89c-00eb-42d7-a90d-4d0c12261946.jpg?v=1777134240,,NOT_FOUND
storage-cabinet-with-doors,BEglsH0jPLaU4UMpyd7p6,https://cdn.shopify.com/s/files/1/0859/0413/0361/files/BEglsH0jPLaU4UMpyd7p6_262e31b9-8a51-499e-8f32-7607973a1a4c.jpg?v=1777134243,,NOT_FOUND
storage-cabinet-with-doors,5yuBCndrv3b7nLh0RAPP8,https://cdn.shopify.com/s/files/1/0859/0413/0361/files/5yuBCndrv3b7nLh0RAPP8_1d2876b5-d2ac-4ac0-9c99-aa466408626a.jpg?v=1777134245,,NOT_FOUND
display-shelving,8-DZKDtIIGyBPX8WmTE53,https://cdn.shopify.com/s/files/1/0859/0413/0361/files/8-DZKDtIIGyBPX8WmTE53_d1f6613a-9bb0-417c-bfba-5e48d378802c.jpg?v=1777134248,,NOT_FOUND
display-shelving,02PA4ECFg-uHTbKINfgMd,https://cdn.shopify.com/s/files/1/0859/0413/0361/files/02PA4ECFg-uHTbKINfgMd_13d6faf2-a572-48c4-ae3e-049eebc41c6d.jpg?v=1777134251,,NOT_FOUND
display-shelving,rV8Qyk_yBeH1wQV9eLZqn,https://cdn.shopify.com/s/files/1/0859/0413/0361/files/rV8Qyk_yBeH1wQV9eLZqn_d752bd72-b3eb-45fa-a557-ea7fb28ff0f3.jpg?v=1777134253,,NOT_FOUND
av-stand-sa-81-3016,Uny9KLYVRelxAzFcp4xip,https://cdn.shopify.com/s/files/1/0859/0413/0361/files/Uny9KLYVRelxAzFcp4xip_afaf176b-87aa-4e78-82db-d5afdb640b43.jpg?v=1777134257,,NOT_FOUND
av-stand-sa-81-3016,MNHDW7LX13laQspafAgUj,https://cdn.shopify.com/s/files/1/0859/0413/0361/files/MNHDW7LX13laQspafAgUj_07b5b2bf-d36f-4c2b-97db-8e9b20b04a88.jpg?v=1777134259,,NOT_FOUND
av-stand-sa-81-3016,Dxit73kHvMj28IlfMLvsT,https://cdn.shopify.com/s/files/1/0859/0413/0361/files/Dxit73kHvMj28IlfMLvsT_3141800a-e8c2-411a-a58a-1a44df7003b7.jpg?v=1777134262,,NOT_FOUND
quick-assembly-height-adjustable-base,cslljTZwlFUHVds4OAVUj,https://cdn.shopify.com/s/files/1/0859/0413/0361/files/cslljTZwlFUHVds4OAVUj_3968fc9e-ed28-4b1f-b8b4-3fe191c9bd71.jpg?v=1777134265,,NOT_FOUND
quick-assembly-height-adjustable-base,-a-3N5asmMoMeLkJO3hKX,https://cdn.shopify.com/s/files/1/0859/0413/0361/files/a-3N5asmMoMeLkJO3hKX_6093fcf7-c571-40aa-931a-cb10a8d76f3f.jpg?v=1777134267,,NOT_FOUND
quick-assembly-height-adjustable-base,baIOIMPAgcWXlo1lRS0wW,https://cdn.shopify.com/s/files/1/0859/0413/0361/files/baIOIMPAgcWXlo1lRS0wW_1c82d82e-4287-424d-8da3-3ea8f860655f.jpg?v=1777134269,,NOT_FOUND
round-table-cross-base-8-colours,rBw4AEElOlTNegJVK6ee4,https://cdn.shopify.com/s/files/1/0859/0413/0361/files/rBw4AEElOlTNegJVK6ee4_67e2cbe6-ba3c-4108-ad3a-9d6153af656a.jpg?v=1777134273,,NOT_FOUND
round-table-cross-base-8-colours,L-Sz2HrYrYBBlnIQROFbh,https://cdn.shopify.com/s/files/1/0859/0413/0361/files/L-Sz2HrYrYBBlnIQROFbh_82d3264a-5bf5-411a-a961-f3065aa7c56b.jpg?v=1777134275,,NOT_FOUND
round-table-cross-base-8-colours,SFuiZHcpi1DW2hGIqaeMr,https://cdn.shopify.com/s/files/1/0859/0413/0361/files/SFuiZHcpi1DW2hGIqaeMr_25e10854-0ec6-4a04-977a-f13d96fc6cbe.jpg?v=1777134277,,NOT_FOUND
l-shape-desk-with-36h-privacy-panel-1,cojJv664vJL3q9EcRiqIN,https://cdn.shopify.com/s/files/1/0859/0413/0361/files/cojJv664vJL3q9EcRiqIN_8608d357-1dd0-4e18-9938-409a0c5ec9f1.jpg?v=1777134281,,NOT_FOUND
l-shape-desk-with-36h-privacy-panel-1,AHB3JwxjjlnwfU51kA9Hw,https://cdn.shopify.com/s/files/1/0859/0413/0361/files/AHB3JwxjjlnwfU51kA9Hw_561cdfba-556e-4e9e-96e4-a502a34a163d.jpg?v=1777134283,,NOT_FOUND
l-shape-desk-with-36h-privacy-panel-1,W3D8xNy1i6TkEUjMlODCr,https://cdn.shopify.com/s/files/1/0859/0413/0361/files/W3D8xNy1i6TkEUjMlODCr_6bf9aeda-922e-47b2-ae98-c0a00f172e25.jpg?v=1777134285,,NOT_FOUND
l-shape-desk-with-36h-privacy-panel,juhvQ9uua7V61_1_ai4IM,https://cdn.shopify.com/s/files/1/0859/0413/0361/files/juhvQ9uua7V61_1_ai4IM_058a4aee-2011-4e8b-93d6-5298c32802a5.jpg?v=1777134288,,NOT_FOUND
l-shape-desk-with-36h-privacy-panel,1ezBZisNlENslp99G-IS-,https://cdn.shopify.com/s/files/1/0859/0413/0361/files/1ezBZisNlENslp99G-IS_cae2f834-8f19-48f5-9166-8b3a0b72b2e7.jpg?v=1777134291,,NOT_FOUND
l-shape-desk-with-36h-privacy-panel,7lNqo-Mh7kE9fMhYORDwb,https://cdn.shopify.com/s/files/1/0859/0413/0361/files/7lNqo-Mh7kE9fMhYORDwb_396ca9cc-17b8-44bd-aa6a-d74f41ae73d5.jpg?v=1777134293,,NOT_FOUND
innovation-l-shape-curved-corner,TYgNd17rSPnGuWM0yeXcY,https://cdn.shopify.com/s/files/1/0859/0413/0361/files/TYgNd17rSPnGuWM0yeXcY_c06f0f8a-1bcc-491a-9a8e-4aeb6c8d23f7.jpg?v=1777134296,,NOT_FOUND
innovation-l-shape-curved-corner,TIA2WEZNO0Z5mP1P3lGA0,https://cdn.shopify.com/s/files/1/0859/0413/0361/files/TIA2WEZNO0Z5mP1P3lGA0_256ac83e-9fb8-47ee-93eb-4ebdeab4d10f.jpg?v=1777134299,,NOT_FOUND
innovation-l-shape-curved-corner,ACyZ3-YBiyssSPsAlqxzz,https://cdn.shopify.com/s/files/1/0859/0413/0361/files/ACyZ3-YBiyssSPsAlqxzz_8b7c52aa-fff4-400c-89b8-521be166caf8.jpg?v=1777134301,,NOT_FOUND
obusforme-comfort-medium-back-chair-fabric-1241-3-copy,If2h0LXt1owr-TEc_5g9C,https://cdn.shopify.com/s/files/1/0859/0413/0361/files/If2h0LXt1owr-TEc_5g9C_976dfb27-f4a2-4fc7-a968-82d52ecdc539.jpg?v=1777134304,,NOT_FOUND
obusforme-comfort-medium-back-chair-fabric-1241-3-copy,bgEGrMEZHhHVsu2Kc7Z5p,https://cdn.shopify.com/s/files/1/0859/0413/0361/files/bgEGrMEZHhHVsu2Kc7Z5p_55416888-50a0-4be8-ac5a-3a4e53f138de.jpg?v=1777134307,,NOT_FOUND
obusforme-comfort-medium-back-chair-fabric-1241-3-copy,neQuncmuADpGjn6HzaTaQ,https://cdn.shopify.com/s/files/1/0859/0413/0361/files/neQuncmuADpGjn6HzaTaQ_bfd4caf1-cb90-4288-99ac-2670585c5fd4.jpg?v=1777134309,,NOT_FOUND
delivery-75,ikuMgNnGO3lTNmDFMyiNL,https://cdn.shopify.com/s/files/1/0859/0413/0361/files/ikuMgNnGO3lTNmDFMyiNL_63a01482-50bb-48cc-97ae-57262eadbbe5.jpg?v=1777134312,,NOT_FOUND
delivery-75,fhuDqAWt3ShuE7adPzR75,https://cdn.shopify.com/s/files/1/0859/0413/0361/files/fhuDqAWt3ShuE7adPzR75_6aae4e80-e906-45d7-9da7-79b831c195de.jpg?v=1777134315,,NOT_FOUND
delivery-75,yUwOMi3Ys7dQODGuTj_IN,https://cdn.shopify.com/s/files/1/0859/0413/0361/files/yUwOMi3Ys7dQODGuTj_IN_168825cb-894e-42bb-b1bb-c7d0a6a9462f.jpg?v=1777134317,,NOT_FOUND
mobile-pedestal-file-file,qCuaVi3Wg4sbSDE6wMU5i,https://cdn.shopify.com/s/files/1/0859/0413/0361/files/qCuaVi3Wg4sbSDE6wMU5i_e2d2d425-9d0a-421a-8471-0b3f47e50748.jpg?v=1777134320,,ERROR
