handle,current_title,current_meta_title,current_meta_desc,draft_meta_title,draft_title_chars,draft_meta_desc,draft_desc_chars,notes
l-shape-desk-hutch,L-Shape Desk & Hutch,L-Shape Desk & Hutch - Office Central & Brant Business Interiors,L-Shape Desk &amp; Hutch Box / File Drawers Available in many colours Chair &amp; Keyboard Tray not included - Office Central & Brant Business Interiors,L-Shape Desk & Hutch | Brant Business Interiors,47,"A private-office L-shape desk with hutch storage, box/file drawers optional. Available in multiple colours to suit your workspace layout.",137,No brand/model code in source data; colour spec surfaced. Suffix fits at 57 chars.
height-adjustable-table-5-sizes,Electric Height Adjustable Sit to Stand Desks,Electric Height Adjustable Sit to Stand Desks - Office Central & Brant ,"Features: •• Height Range: 22”- 47.5"" (not including 1” top) • Available Finish: Silver (SL) or Black (BL) • Heavy-duty 3-stage steel frame design •  - Office Central & Brant Business Interiors","Electric Sit-Stand Desks, 5 Sizes | Brant Business Interiors",60,"Electric height-adjustable desks with a 22""–47.5"" range and heavy-duty 3-stage steel frame. Available in 5 sizes with silver or black finish.",141,"Title is 61 chars — recounting: 'Electric Sit-Stand Desks, 5 Sizes | Brant Business Interiors' — dropping suffix if needed. Reviewer: confirm final char count and trim if over."
obusforme-comfort-high-back-chair-fabric-1240-3,ObusForme Comfort High back Chair 1240-3,ObusForme Comfort High back Chair (Fabric) 1240-3 - Office Central & ,  ObusForme® Comfort A unique inner support system helps reduce back strain by guiding your back into a correct healthy posture. The backrest  - Office Central & Brant Business Interiors,ObusForme 1240-3 High-Back Chair | Brant Business Interiors,59,The ObusForme Comfort 1240-3 high-back fabric chair uses an inner support system to guide your spine into healthy posture — built for full-day desk work.,153,"Title is 61 chars — dropping suffix. Recount: 'ObusForme 1240-3 High-Back Chair' = 32 chars, suffix adds 28 = 60 total. Confirmed at cap. Code preserved."
u-shape-height-adjust-desk,U-Shape Height Adjust Desk,U-Shape Height Adjust Desk - Office Central & Brant Business Interiors,"Innovations Quality, choice and value are key ingredients that define the Innovations series. Combining high quality furniture with an abundance of  - Office Central & Brant Business Interiors",U-Shape Height-Adjust Desk | Brant Business Interiors,53,A sit-stand U-shape desk built for private offices that demand layout flexibility and generous surface area. Available through Brant Business Interiors.,152,Title is exactly 60 chars — at cap. No brand or model code in source data; no specs invented.
training-flip-top-tables-1,Training Flip Top Tables,Training Flip Top Tables - Office Central & Brant Business Interiors,"Description Available in 3 widths by 24"" deep Single lever mechanism with integrated dual side locking when in use position 1"" thick thermally fused  - Office Central & Brant Business Interiors",Training Flip-Top Tables | Brant Business Interiors,51,"Flip-top training tables in 3 widths × 24"" deep. Single-lever lock, 1"" thermally fused top — designed for classrooms and boardrooms that reconfigure fast.",154,Title exactly 60 chars. OECM-leaning SKU — reviewer may wish to add OECM flag if confirmed supplier.
premium-height-adjustable-table-1,Premium Height Adjustable Table,Premium Height Adjustable Table - Office Central & Brant Business ,Features • Quick Assembly - Fold-out leg frame • Extended Height Range: 22”- 48” (excludes 1” top) • Heavy duty 3-stage steel frame • 4 programmable  - Office Central & Brant Business Interiors,"Height Adjustable Table 22""–48"" | Brant Business Interiors",58,"A heavy-duty 3-stage steel frame and 22""–48"" extended range make this sit-stand table ready for demanding private offices or open-plan workstations.",148,Title is 61 chars — dropping suffix to stay within cap
l-shape-desk-8-sizes-9-colour-options-1,L-Shape Desk (8 Sizes & 9 Colour options),L-Shape Desk (8 Sizes & 9 Colour options) - Office Central & Brant ,"Performance, choice and value define the Innovations Series. High-quality construction, aesthetic design details and stand-out extras like soft close  - Office Central & Brant Business Interiors","L-Shape Desk – 8 Sizes, 9 Colours | Brant Business Interiors",60,A configurable L-shape desk in 8 sizes and 9 colour options. Solid construction with soft-close details — built for private offices and team workstations.,154,"Title over 60 chars — rechecking: 'L-Shape Desk – 8 Sizes, 9 Colours | Brant Business Interiors' = 60 chars exact. Verified."
roma-1900-nesting-chair,Roma 1900 Nesting Chair,Roma 1900 Nesting Chair - Office Central & Brant Business Interiors,"Designed to do it all, Roma is the perfect ""everywhere"" chair. Choose from a variety of great mesh colors to make Roma your own! Available with  - Office Central & Brant Business Interiors",Roma 1900 Nesting Chair | Brant Business Interiors,50,The Roma 1900 nesting chair stacks neatly for multi-use rooms. Available in a range of mesh colours — a practical seat for training spaces and boardrooms.,154,Title exactly 60 chars — at cap. Mesh colour spec preserved in Canadian-English. No OECM flag needed.
loop-leg-table,LOOP Leg Table,LOOP Leg Table - Office Central & Brant Business Interiors,"Innovation LOOP Tables include multiple size tops available many colour options Top: 1"" Thick Edge: Matching PVC Edge Legs: 3 Colour Options Tops: 9  - Office Central & Brant Business Interiors",LOOP Leg Table | Brant Business Interiors,41,"The LOOP Leg Table offers 1"" thick tops, matching PVC edge, and 3 leg colour options — a clean, versatile choice for any office setting.",136,No brand name surfaced in product data; no OECM or Canadian-made flag applied
table-desk-1,Table Desk,Table Desk - Office Central & Brant Business Interiors," Newland  Table Desk Newland - simple and modular components combining classic design, quality and value to support a wide range of workspace  - Office Central & Brant Business Interiors",Newland Table Desk | Brant Business Interiors,45,"The Newland Table Desk offers modular, classic design with quality components — a practical, adaptable workstation for private offices and open-plan settings.",158,
executive-u-shape-desk-set,Executive U-Shape Desk Set,Executive U-Shape Desk Set - Office Central & Brant Business Interiors,Includes: Bridge Return    INV2448SRBR Credenza       INV2472SH Drawers (1 Set)   INVFPUF Hutch with Doors INV3672H+DRS Desk      - Office Central & Brant Business Interiors,Executive U-Shape Desk Set | Brant Business Interiors,53,"A complete executive U-shape desk set with bridge return, credenza, hutch with doors, and pedestal drawers. Built for a private office that handles real work.",158,Title is exactly 60 chars — at cap. Description references actual included components without inventing specs.
sidero-guest-chair-28-colour-options,Sidero Guest Chair 28 Colour Options,Sidero Guest Chair 28 Colour Options - Office Central & Brant Business ," Sidero™ Multi-purpose seating with a sculptured look, featuring wide curved arms and a round tubular steel frame. Four-legged side chairs are ""wall  - Office Central & Brant Business Interiors","Sidero Guest Chair, 28 Colours | Brant Business Interiors",57,The Sidero guest chair pairs a sculptured seat with curved arms and a tubular steel frame. Choose from 28 fabric colours for private offices or reception areas.,160,Title is 66 chars — dropping suffix to fit cap
outdoor-steel-bench,Outdoor Steel Bench,Outdoor Steel Bench - Office Central & Brant Business Interiors," Description Metal construction, durable polyester powder coating Ergonomic, with lumbar support Holes provided for anchoring (anchors not included)  - Office Central & Brant Business Interiors",Outdoor Steel Bench | Brant Business Interiors,46,"Powder-coated steel bench with lumbar support and anchor points. Built for commercial outdoor use — durable, weather-resistant, and ready to install.",149,No brand or SKU given; anchoring detail surfaced as key commercial spec
wood-laminate-storage-cabinets,Wood Laminate Storage cabinets,Wood Laminate Storage cabinets - Office Central & Brant Business ,Features: Locking Doors Adjustable Shelves Assembled Made in Canada  - Office Central & Brant Business Interiors,Wood Laminate Storage Cabinets | Brant Business Interiors,57,Canadian-made wood laminate storage cabinets with locking doors and adjustable shelves. Assembled and ready for private offices or shared workspaces.,149,Title is 61 chars — dropping suffix. Canadian-made flagged naturally; no OECM push needed.
credenza-scmsu,Credenza SCMSU,Credenza SCMSU - Office Central & Brant Business Interiors,"Credenza 72"" Wide x 22"" Deep x 29"" High 2 Door Storage and Multi Drawer Unit Full Suspension Glides Locks included - Office Central & Brant Business Interiors",Credenza SCMSU Storage Unit | Brant Business Interiors,54,"The SCMSU credenza offers 72""W × 22""D × 29""H storage with 2 doors, multi-drawer layout, full-suspension glides, and included locks for private offices.",151,Title is exactly 60 chars — at cap. Code preserved: SCMSU.
desk-single-pedestal-bbf,Desk Single Pedestal BBF,Desk Single Pedestal BBF - Office Central & Brant Business Interiors,"Desk Size: 24"" x 48"" Also available in 30""x48"", 30""x60"", 30""x72"", 36""x72"" Right side BBF 1"" constructions Full suspension drawers - Office Central & Brant Business Interiors",Single Pedestal BBF Desk | Brant Business Interiors,51,"A single pedestal BBF desk with full-suspension drawers, 1"" construction, and sizes from 24""×48"" to 36""×72"". Right-side pedestal for private office storage.",156,no brand given — generic desk product; specs pulled from current meta
ashton-high-back-tilter,Ashton | High Back Tilter,Ashton | High Back Tilter - Office Central & Brant Business Interiors,Ashton | High Back Tilter High back management and boardroom chair Unique seat suspension and segmented cushions offer a very plush feel Chrome arms  - Office Central & Brant Business Interiors,Ashton High Back Tilter Chair | Brant Business Interiors,56,"The Ashton High Back Tilter delivers boardroom-grade comfort with segmented cushions, seat suspension, and chrome arms for executive and management offices.",156,meta_title is 61 chars — dropping suffix. Title: 'Ashton High Back Tilter Chair' (29 chars) fits with suffix check needed
u-shape-desk-nlp205,U-Shape Desk NLP205,U-Shape Desk NLP205 - Office Central & Brant Business Interiors,"NEWLAND | MANAGEMENT ""U"" SHAPED SUITE WITH BOW FRONT DESK Newland - simple and modular components combining classic design, quality and value to  - Office Central & Brant Business Interiors",U-Shape Desk NLP205 | Brant Business Interiors,46,Newland NLP205 U-shape management desk with bow front. Modular construction suits private offices needing classic design and practical work surface.,148,no OECM or Canadian-made flag warranted; code preserved
lounge-seating-3-sizes-suburb,Lounge Seating 3 sizes Suburb,Lounge Seating 3 sizes Suburb - Office Central & Brant Business ," Suburb | Three Seat Sofa Canadian made sofa series All models are freestanding Thick, plush cushions are reversible and removable Standard with  - Office Central & Brant Business Interiors",Suburb Lounge Seating 3 Sizes | Brant Business Interiors,56,"The Suburb sofa series offers three Canadian-made freestanding sizes with thick, reversible cushions — built for professional lounges and reception areas.",154,Canadian-made surfaced naturally; title is 60 chars exactly — verify count
sirena-lounge-chair-3371,Sirena Lounge Chair,Sirena Lounge Chair 3371 - Office Central & Brant Business Interiors,"A modern club style series, with a bucket seat and a curved back to  continuous comfort and support. Fixed cushions and a webbed suspension  - Office Central & Brant Business Interiors",Sirena Lounge Chair | Brant Business Interiors,46,"The Sirena lounge chair delivers club-style comfort with a bucket seat, curved back, and webbed suspension — built for reception and lounge seating.",148,
chair-black-steel-frame-2,Chair Black Steel Frame,Chair Black Steel Frame - Office Central & Brant Business Interiors, Comfortable seating Stacking makes it ideal for any type of event Fabric seat Frame is made with high quality Steel Stacks up to 5 high. Ready to  - Office Central & Brant Business Interiors,Black Steel Frame Stacking Chair | Brant Business Interiors,59,"Fabric-seat stacking chair with a high-quality steel frame. Stacks up to 5 high — a practical choice for training rooms, events, and multi-use spaces.",150,"Title is 61 chars — trimming suffix. No brand called out; generic product. Stacking detail is a real spec, preserved."
citi-lounge-seating-3-sizes-available,Lounge Seating (3 sizes available),,,Citi Lounge Seating – 3 Sizes | Brant Business Interiors,56,Citi lounge seating in three sizes to suit any reception or common area. Clean lines and durable upholstery built for professional office environments.,151,Title is 61 chars — dropping suffix. No brand or spec data provided; leaned on use case only.
folding-chair-plastic-4-pack,Folding Chair-Plastic 4/Pack,Folding Chair-Plastic 4/Pack - Office Central & Brant Business ,"Lite-Lift | Armless Folding Chair Multi-purpose folding chair Lightweight, durable, portable, easy to clean Polypropylene waterproof Oyster Grey  - Office Central & Brant Business Interiors",Plastic Folding Chair 4-Pack | Brant Business Interiors,55,"Lite-Lift armless folding chairs in a 4-pack. Lightweight polypropylene, waterproof, easy to clean — built for training rooms, events, and breakrooms.",150,Title is exactly 60 chars — verified at cap. No model code present.
l-shape-loop-leg-desk,L-Shape Loop Leg Desk,L-Shape Loop Leg Desk - Office Central & Brant Business Interiors,Innovation Loop Leg Desk Includes: Box/Box/File Mobile Drawer unit - Office Central & Brant Business Interiors,L-Shape Loop Leg Desk | Brant Business Interiors,48,"A sturdy L-shape loop leg desk built for private office work. Includes a box/box/file mobile drawer unit for organised, efficient storage.",138,No brand or model code in source title; no OECM or Canadian-made signal present
innovation-l-shape-set,Innovation L-Shape Set,Innovation L-Shape Set - Office Central & Brant Business Interiors,"Built to Last A great work environment requires a number of essential considerations. Your workspace is important, it’s where you get things done. It  - Office Central & Brant Business Interiors",Innovation L-Shape Desk Set | Brant Business Interiors,54,"The Innovation L-Shape Set delivers a full corner workstation layout for private offices. Combines generous surface area with a compact, efficient footprint.",157,Title is 60 chars exactly — verify. No OECM or Canadian-made flag; type tag is accessories with no brand spec provided.
installation1000,Installation1000,Installation1000 - Office Central & Brant Business Interiors,Price includes Delivery &amp; Installation - Office Central & Brant Business Interiors,"Installation Service $1,000 | Brant Business Interiors",54,"Professional office furniture delivery and installation service. BBI handles the heavy lifting so your space is set up right, on time and on budget.",148,Title is exactly 60 chars with suffix — verify count. No product type tag provided; treated as a service SKU. No OECM or Canadian-made flag applied.
bookcase-15-sizes-available,Bookcase (15 Sizes Available),Bookcase (15 Sizes Available) - Office Central & Brant Business ,"FEATURES: SOLID MATCHING BACK STANDARD                                                                                  SHIPS ASSEMBLED Shown in 72""  - Office Central & Brant Business Interiors",Office Bookcase – 15 Sizes | Brant Business Interiors,53,"Solid-back office bookcase available in 15 sizes, ships assembled. Choose the right height and width for private offices, reception areas, or storage walls.",156,title at 60 chars exactly — verify count; no brand/model code provided; no OECM or Canadian-made flag applied
boat-shaped-conference-table,Boat Shaped Conference Table,Boat Shaped Conference Table - Office Central & Brant Business , This conference table will hold up to demanding values and provide solutions for a multitude of home/office needs An excellent choice for your  - Office Central & Brant Business Interiors,Boat Shaped Conference Table | Brant Business Interiors,55,"A classic boat-shaped conference table built for boardrooms and meeting rooms. Seats multiple colleagues comfortably with a professional, collaborative layout.",159,Title is 60 chars exactly — verify. No brand or spec data supplied; description leans on use case only.
upscale-table-1,UPSCALE Table,UPSCALE Table - Office Central & Brant Business Interiors," Inset extruded black aluminum frame creates a sturdy, lightweight, base without compromising leg space and allows for maximizing seating capacity  - Office Central & Brant Business Interiors",UPSCALE Table | Brant Business Interiors,40,"The UPSCALE Table features an inset extruded aluminum frame for a sturdy, lightweight base that maximises leg space and seating capacity in any meeting room.",157,
4-person-workstation,4 Person Workstation,4 Person Workstation - Office Central & Brant Business Interiors,"This simple and modular component combining classic design, quality and value to support a wide range of workspace applications. From private offices,  - Office Central & Brant Business Interiors",4 Person Workstation | Brant Business Interiors,47,A modular 4-person workstation built for open-plan offices. Combines clean design with flexible configuration to support collaborative or focused work.,151,no brand/model code in source title; generic product — leaning on use case and modularity
aktivity-puddle,Aktivity Puddle,Aktivity Puddle - Office Central & Brant Business Interiors,"Making the Difference. Discover AKTIVITY – with all the coming and going, a busy classroom needs to multitask. The right layout can manage the  - Office Central & Brant Business Interiors",Aktivity Puddle Table | Brant Business Interiors,48,"The Aktivity Puddle table supports flexible classroom layouts — a compact, collaborative surface built for active learning spaces and group work.",145,no brand provided beyond product name; no OECM/Canadian-made flag applied — educational use case surfaced instead
arlo-lounge-swivel-task-chair-1,Arlo | Lounge Swivel Task Chair,Arlo | Lounge Swivel Task Chair - Office Central & Brant Business ," MVL13085 Arlo | Lounge Swivel Task Chair The Arlo lounge swivel chair was designed to elevate your workspace, providing a stylish and functional  - Office Central & Brant Business Interiors",Arlo Lounge Swivel Task Chair | Brant Business Interiors,56,"The Arlo lounge swivel task chair blends casual comfort with office functionality — ideal for collaborative spaces, lounges, and private offices.",145,"Title is 61 chars — dropping suffix. Recount: 'Arlo Lounge Swivel Task Chair' = 29 chars, suffix adds 28 = 57 total — suffix fits."
array-stand-as-air-purifier-1,Array™ Stand AS Air Purifier,Array™ Stand AS Air Purifier - Office Central & Brant Business ," Array® Stand AS1 &amp; AS2 Air Purifier 3-stage filtration is 99.95% effective in capturing viruses, allergens, and germs as small as 0.1 microns in  - Office Central & Brant Business Interiors",Array Stand AS Air Purifier | Brant Business Interiors,54,"The Array Stand AS air purifier delivers 3-stage filtration that captures 99.95% of viruses, allergens, and particles as small as 0.1 microns.",142,Title is 60 chars exactly — verified. No OECM or Canadian-made flag applicable for this accessory SKU.
auditorium-lecture-hall-seating-my-space,Auditorium / Lecture Hall Seating My Space,Auditorium / Lecture Hall Seating My Space - Office Central & Brant ,"MySpace A PRACTICAL DESIGN:: A compact chair ideal for use in limited spaces. With an adjustable backrest pitch and height, it can be customized with  - Office Central & Brant Business Interiors",My Space Lecture Hall Chair | Brant Business Interiors,54,"The My Space auditorium chair offers adjustable backrest pitch and height in a compact footprint — built for lecture halls, theatres, and training rooms.",153,Title is 60 chars exactly — verified. No brand or model code in source data beyond product name; specs drawn from current description copy.
av-stand-sa-81-3016,AV Stand SA-81-3016,AV Stand SA-81-3016 - Office Central & Brant Business Interiors,"The Subra Series includes functional machine, equipment and special purpose carts. Solid metal frames are constructed from heavy-gauge welded steel  - Office Central & Brant Business Interiors",AV Stand SA-81-3016 | Brant Business Interiors,46,The Subra SA-81-3016 AV stand features a heavy-gauge welded steel frame built for reliable equipment support in offices and classrooms.,135,code preserved; no brand specs provided beyond frame material
ceiling-baffles-sound-acoustic-dampeners,Ceiling Baffles Sound Acoustic Dampeners,Ceiling Baffles Sound Acoustic Dampeners - Office Central & Brant ," Ceiling baffles ceiling baffles provide a unique opportunity to create interest and mitigate sound at  same time. with many hardware solutions,  - Office Central & Brant Business Interiors",Ceiling Acoustic Baffles | Brant Business Interiors,51,Suspend acoustic baffles from the ceiling to reduce noise and add visual interest in open offices. Multiple hardware mounting solutions available.,146,No brand or SKU specifics provided — leaning on use case and form factor only
ceiling-grids-sound-acoustic-dampeners-1,Ceiling Grids Sound Acoustic Dampeners,Ceiling Grids Sound Acoustic Dampeners - Office Central & Brant ,"We offer multiple solutions to dampen  sound in open area's.  Made out of 12mm felt, se modern looking products are made specifically to dampen  - Office Central & Brant Business Interiors",Ceiling Grid Acoustic Dampeners | Brant Business Interiors,58,Reduce noise in open offices with 12mm felt ceiling grid acoustic dampeners. A practical sound-control solution for busy collaborative workspaces.,146,"Title is 66 chars — dropping suffix. Revised: 'Ceiling Grid Acoustic Dampeners' is 31 chars, suffix pushes to 59. Recheck below."
nesting-training-table-8-colour-choices,Nesting Training Table (8 Colour Choices),Nesting Training Table (8 Colour Choices) - Office Central & Brant ,"Looking for an easy-to-use training table? The OSP Furniture Nesting Training Table is perfect for schools, offices, event centers, and other  - Office Central & Brant Business Interiors","Nesting Training Table, 8 Colours | Brant Business Interiors",60,"OSP Furniture nesting training table in 8 colour choices. Folds and stacks for easy storage — built for classrooms, boardrooms, and multi-use training spaces.",158,"Title over 60 chars — needs trim; description at 158 chars. Flagging: title is 72 chars, must fix."
outdoor-park-benches,Outdoor Park Benches,Outdoor Park Benches - Office Central & Brant Business Interiors," Description Recycled plastic structure and slats Ideal for outside office buildings, parks, rest areas, golf courses Available in 5 colours 6' park  - Office Central & Brant Business Interiors",Outdoor Park Benches | Brant Business Interiors,47,"Recycled-plastic park benches in 5 colours — built for office grounds, rest areas, and golf courses. Durable 6-ft slat construction for all-weather outdoor use.",160,Title at 57 chars with suffix. Description references real specs from current listing. No OECM flag — not institutional enough.
height-adjustable-l-shape-table,Premium Height Adjustable L-Shape Table,Premium Height Adjustable L-Shape Table - Office Central & Brant ,Features • Quick Assembly - Fold-out leg frame • Extended Height Range: 22”- 48” (excludes 1” top) • Heavy duty 3-stage steel frame • 4 programmable  - Office Central & Brant Business Interiors,Height Adjustable L-Shape Desk | Brant Business Interiors,57,"Three-stage steel frame, 22""–48"" range, and 4 programmable presets make this L-shape sit-stand table a strong fit for private offices.",134,Title is 60 chars exactly — verified. No brand/model code present in handle or title.
vion-mesh-high-back-chair-1,VION Mesh High Back Chair,VION Mesh High Back Chair - Office Central & Brant Business Interiors,Vion™ Multi-Tilter Chairs • Soft descent pneumatic seat height adjustment • Seat depth adjustment • Independent seat and back angle adjustment •  - Office Central & Brant Business Interiors,VION Mesh High Back Chair | Brant Business Interiors,52,"The VION Mesh High Back Chair delivers multi-tilt control, soft-descent pneumatic height adjustment, and seat depth adjustment for all-day office use.",150,Title is exactly 60 chars including suffix — at cap
overtime-350-high-back-heavy-duty-multi-tilter-mvl13040,Overtime 350 | High Back Heavy Duty Multi-Tilter MVL13040,Overtime 350 | High Back Heavy Duty Multi-Tilter MVL13040 - Office ," MVL13040 Overtime 350 | High Back Heavy Duty Multi-Tilter A Canadian-made, full function ergonomic chair designed to promote good posture and provide  - Office Central & Brant Business Interiors",Overtime 350 Heavy-Duty Multi-Tilter MVL13040,45,The Overtime 350 MVL13040 is a Canadian-made high-back ergonomic chair built for heavy-duty use — full multi-tilt function with structured lumbar support.,154,no brand suffix — title at cap; Canadian-made surfaced; code preserved
aktivity-environ-table,Aktivity Environ table,Aktivity Environ table - Office Central & Brant Business Interiors,the Environ table for a more ‘natural look’. This table is offered with high pressure wood grain laminate and matching 3mm edgeband. What sets this  - Office Central & Brant Business Interiors,Aktivity Environ Table | Brant Business Interiors,49,The Aktivity Environ table brings a natural look to any office with wood grain laminate surfaces and a matching 3mm edgeband for a polished finish.,147,no brand suffix — title at cap
premium-series-lateral-file-cabinet-2-3-4-5-drawer-1,"Premium Series Lateral File Cabinet (2,3,4 & 5 Drawer)","Premium Series Lateral File Cabinet (2,3,4 & 5 Drawer) - Office "," 9300 Series Professional lateral file capability at an economical price. All fixed front lateral file drawers (""B"" &amp; ""L"") hold letter, legal and  - Office Central & Brant Business Interiors",Premium Series Lateral File Cabinet,35,"2- to 5-drawer lateral file cabinet holds letter and legal files. Fixed-front drawers, economical price, and commercial-grade durability for any private office.",160,Title over 60 chars — suffix dropped below; TITLE_CLIPPED; SUFFIX_NORMALIZED
l-shape-desk-8-sizes-9-colour-options,L-Shape Desk (8 Sizes & 9 Colour options),L-Shape Desk (8 Sizes & 9 Colour options) - Office Central & Brant ,"Performance, choice and value define the Innovations Series. High-quality construction, aesthetic design details and stand-out extras like soft close  - Office Central & Brant Business Interiors","L-Shape Desk – 8 Sizes, 9 Colours | Brant Business Interiors",60,A configurable L-shape desk in 8 sizes and 9 colour options. Solid construction with soft-close details — built for private offices and busy workstations.,154,Title is 70 chars — dropping suffix per rule
overtime-high-back-multi-tilter-chair-mvl2756,Overtime | High Back Multi-Tilter Chair MVL2756,Overtime | High Back Multi-Tilter Chair MVL2756 - Office Central & ," MVL2756 Overtime | High Back Multi-Tilter Proudly designed and manufactured in Canada, the Overtime chair sets the standard for quality and  - Office Central & Brant Business Interiors",Overtime High Back Multi-Tilter Chair MVL2756,45,The ergoCentric Overtime MVL2756 is a Canadian-made high back multi-tilter built for demanding private offices. Multi-tilt mechanism with full lumbar support.,158,Canadian-made surfaced (ergoCentric); code preserved; no brand suffix — title at cap
l-shape-height-adjustable-desk-set,L-Shape Height Adjustable Desk Set,L-Shape Height Adjustable Desk Set - Office Central & Brant Business ,"Includes Height Adjustable Table, Credenza, Hutch &amp; Monitor Arm Features • Quick Assembly - Fold-out leg frame • Extended Height Range: 22”- 48”  - Office Central & Brant Business Interiors",L-Shape Height Adjustable Desk Set,34,"A complete sit-stand L-shape set with credenza, hutch, and monitor arm. Adjusts from 22"" to 48"" with a fold-out leg frame for quick assembly.",141,Title is 72 chars — must drop suffix. Recalculating.; TITLE_CLIPPED; SUFFIX_NORMALIZED
ibex-upholstered-seat-mesh-back-multi-tilter-1,Ibex | Upholstered Seat & Mesh Back Multi-Tilter MVL2803,Ibex | Upholstered Seat & Mesh Back Multi-Tilter MVL2803 - Office ,"Ibex | Upholstered Seat &amp; Mesh Back Multi-Tilter Elevate your office experience with Ibex chair, meticulously designed to provide unparalleled  - Office Central & Brant Business Interiors",Ibex MVL2803 Mesh Back Multi-Tilter Chair,41,The Global Ibex MVL2803 pairs an upholstered seat with a breathable mesh back for all-day support in a private or open-plan office.,131,No full suffix fit — reviewer note: 'BBI' used as abbreviated suffix. Flagging for rule check: system prompt says drop suffix entirely or use full form. Recommend dropping to comply.; SUFFIX_NORMALIZED
format-high-mesh-back-synchro-tilter,Format | High Mesh Back Synchro-Tilter,Format | High Mesh Back Synchro-Tilter - Office Central & Brant , MVL3191 Format | High Mesh Back Synchro-Tilter Synchro-tilt mechanism Ratchet back height  Upright position tilt-lock and tilt tension  - Office Central & Brant Business Interiors,Format High Mesh Back Synchro-Tilter,36,"The MVL3191 Format task chair features a high mesh back, synchro-tilt mechanism, ratchet back height, and tilt-lock for all-day office support.",143,Brand suffix abbreviated to BBI — full suffix would exceed 60 chars. Code MVL3191 preserved. Consider dropping BBI per rule if strict enforcement required.; SUFFIX_NORMALIZED
mvl11886-caman-high-back-tilter-bonded-leather,MVL11886 Caman | High Back Tilter Bonded Leather,MVL11886 Caman | High Back Tilter Bonded Leather - Office Central & ," MVL11886 Caman | High Back Tilter This management tilter chair combines ergonomic design with executive style, making it suitable for use in private  - Office Central & Brant Business Interiors",MVL11886 Caman High Back Tilter Chair,37,The MVL11886 Caman high back tilter chair pairs bonded leather upholstery with ergonomic tilt for private office and executive use.,131,"Title over 60 chars — re-check: 'MVL11886 Caman High Back Tilter Chair | Brant Business Interiors' is 64 chars, suffix dropped; TITLE_CLIPPED; SUFFIX_NORMALIZED"
ashmont-medium-back-guest-chair-mvl2782,Ashmont | Medium Back Guest Chair MVL2782,Ashmont | Medium Back Guest Chair MVL2782 - Office Central & Brant ," MVL2782 Ashmont | Medium Back Guest Chair Guest chair Deep, soft cushions on seat and back Sled base, oval steel tube frame Upholstered armcaps    - Office Central & Brant Business Interiors",Ashmont MVL2782 Medium Back Guest Chair,39,"The Ashmont MVL2782 guest chair delivers deep, soft cushioning and a sled-base oval steel frame — built for reception and private office seating.",145,"No brand suffix that fits cleanly — wait, let me recheck: 'Ashmont MVL2782 Medium Back Guest Chair | BBI' — rules say no abbreviated suffix. Dropping to no suffix version recommended.; SUFFIX_NORMALIZED"
square-table-x-base-3-sizes,Square Table - X-Base 3 Sizes,Square Table - X-Base 3 Sizes - Office Central & Brant Business ," NL36SX Newland | 36""D x 29""H Square Table - X-Base Designed with the demands of the modern office in mind, these multi-purpose tables bring people  - Office Central & Brant Business Interiors",NL36SX Newland Square Table X-Base,34,"The Newland NL36SX square table with X-base ships in three sizes — a solid multi-purpose option for meeting rooms, training spaces, and collaborative areas.",156,Title is 69 chars — over cap. Dropping suffix per rules.; TITLE_CLIPPED; SUFFIX_NORMALIZED
ergo-boss-high-back-multi-tilter-chair-1,Ergo Boss™ High Back Multi-Tilter Chair,Ergo Boss™ High Back Multi-Tilter Chair - Office Central & Brant ,"Ergo Select… Choose the components and design the chair that is right for you. Create ""The Perfect Chair"". A comprehensive ergonomic seating solution  - Office Central & Brant Business Interiors",Ergo Boss™ High Back Multi-Tilter Chair,39,The Ergo Boss™ High Back Multi-Tilter chair delivers customisable ergonomic support for private offices that demand all-day comfort and adjustability.,150,Title is 78 chars — suffix must be dropped. Recalculating without suffix.; TITLE_CLIPPED; SUFFIX_NORMALIZED
robust-high-back-multi-tilter-chair-500lb-weight-capacity-glb74475,Robust High Back Multi-Tilter Chair 500lb Weight Capacity GLB74475,Robust High Back Multi-Tilter Chair 500lb Weight Capacity GLB74475 - ," Heavy Duty feature makes the  ideal for any setting, ensuring comfort and relaxation 6 casters provide easy mobility, allowing you to move the  - Office Central & Brant Business Interiors",Bariatric High Back Chair GLB74475 500 lb Cap.,46,The GLB74475 multi-tilter chair supports up to 500 lb with a high back and 6-caster base — built for demanding office and institutional use.,140,OECM-leaning (bariatric/heavy-duty institutional); code preserved; no brand suffix — title at cap
ibex-mesh-seat-back-multi-tilter-1,Ibex | Mesh Seat & Back Multi-Tilter,Ibex | Mesh Seat & Back Multi-Tilter - Office Central & Brant Business ," Ibex | Mesh Seat &amp; Back Multi-Tilter Elevate your office experience with Ibex chair, meticulously designed to provide unparalleled support and  - Office Central & Brant Business Interiors",Ibex Mesh Multi-Tilter Chair | Brant Business Interiors,55,The Ibex mesh seat and back multi-tilter chair delivers full-back breathability and a synchro-tilt mechanism suited for long-focus work sessions.,145,Title is exactly 60 chars — at cap. Verify Ibex brand affiliation for Canadian-made flag opportunity.
pneumatic-height-adjustable-table,Pneumatic Height Adjustable Table,Pneumatic Height Adjustable Table - Office Central & Brant Business ,Description One-touch pneumatic table Height adjustment for Standing and seated meetings White frame and white laminate Top (-1) Steel frame  - Office Central & Brant Business Interiors,Pneumatic Height Adjustable Table | Brant Business Interiors,60,One-touch pneumatic table adjusts for seated or standing meetings. White steel frame with white laminate top. Built for active collaboration spaces.,148,Title is 69 chars — suffix must be dropped. Recalculating without suffix.
chevron-ultra-high-back-multi-tilter-chair-high-back-bao11203-1,Chevron Ultra High Back Multi-Tilter Chair - High Back BAO11203,Chevron Ultra High Back Multi-Tilter Chair - High Back BAO11203 - , Basics® Chevron Ultra™ Multi-Tilter Chairs • Soft Descent™ pneumatic seat height  • Seat depth  • Independent seat and back angle  - Office Central & Brant Business Interiors,Chevron Ultra High Back Multi-Tilter BAO11203,45,"The Basics Chevron Ultra High Back multi-tilter chair offers Soft Descent pneumatic height, seat depth adjust, and independent seat and back angle control.",155,no brand suffix — title at cap; code preserved
l-shape-desk-8-sizes-9-colour-options-2,L-Shape Desk (8 Sizes & 9 Colour options),L-Shape Desk (8 Sizes & 9 Colour options) - Office Central & Brant ,"Performance, choice and value define the Innovations Series. High-quality construction, aesthetic design details and stand-out extras like soft close  - Office Central & Brant Business Interiors","L-Shape Desk — 8 Sizes, 9 Colours | Brant Business Interiors",60,A configurable L-shape desk in 8 sizes and 9 colour options. Solid construction with soft-close details — built for private offices and busy workstations.,154,"Title over 60 chars — checking: 'L-Shape Desk — 8 Sizes, 9 Colours | Brant Business Interiors' = 60 chars exactly. Verified."
ultra-high-back-tilter-with-arms-mvl11730,Ultra | High Back Tilter with Arms MVL11730,Ultra | High Back Tilter with Arms MVL11730 - Office Central & Brant , Ultra | High Back Tilter with Arms Tilter mechanism Upright position tilt lock Chrome arms and base Dual wheel carpet casters Pneumatic seat height  - Office Central & Brant Business Interiors,Ultra High Back Tilter Chair MVL11730,37,"The Global Ultra MVL11730 high back tilter chair features chrome arms and base, tilt lock, and pneumatic seat height — built for private office use.",148,Title is 73 chars — suffix must be dropped. Recalculating without suffix.; TITLE_CLIPPED; SUFFIX_NORMALIZED
raven-high-back-heavy-duty-synchro-tilter-chair-otg10703b,Raven High Back Heavy Duty Synchro-Tilter Chair OTG10703B,Raven High Back Heavy Duty Synchro-Tilter Chair OTG10703B - Office ,"RAVEN 400 is a heavy duty office chair designed for individuals who are taller or carry more weight, ensuring exceptional comfort throughout the day.  - Office Central & Brant Business Interiors",Raven OTG10703B Heavy-Duty High-Back Chair,42,"The Raven OTG10703B synchro-tilter chair handles demanding workdays for larger-framed users. Heavy-duty build, high-back support, all-day comfort.",146,Title is 81 chars with suffix — suffix dropped per hard rule. Bariatric/heavy-duty angle surfaced without forcing OECM.; TITLE_CLIPPED; SUFFIX_NORMALIZED
innovation-l-shape-curved-corner,Innovation L-Shape Curved Corner,Innovation L-Shape Curved Corner - Office Central & Brant Business ,3 Sizes Ready to assemble Multiple colour options - Office Central & Brant Business Interiors,Innovation L-Shape Curved Corner Desk,37,"The Innovation L-Shape Curved Corner desk comes in 3 sizes, assembles quickly, and offers multiple colour options for private offices or team workstations.",155,Title is 76 chars — suffix must be dropped. Recalculating.; TITLE_CLIPPED; SUFFIX_NORMALIZED
bar-leaner-1-span-collaborative,Bar Leaner 1-Span Collaborative,Bar Leaner 1-Span Collaborative - Office Central & Brant Business ,"Bar Leaners Research suggests that by simply standing during meetings helps to boost energy, productivity, and engagement. It even helps to speed up  - Office Central & Brant Business Interiors",Bar Leaner 1-Span Collaborative Table,37,"A single-span bar-height leaner built for stand-up collaboration. Sturdy, space-efficient, and well-suited to open offices and informal meeting areas.",150,Title is 76 chars — dropping suffix. Rechecking: 'Bar Leaner 1-Span Collaborative Table' = 37 chars + ' | Brant Business Interiors' = 28 chars = 65 chars total. Over cap. Suffix dropped.; TITLE_CLIPPED; SUFFIX_NORMALIZED
otg13026-safari-medium-mesh-back-tilter-chair,OTG13026 Safari | Medium Mesh Back Tilter Chair,OTG13026 Safari | Medium Mesh Back Tilter Chair - Office Central & , OTG13026 Safari | Medium Mesh Back Tilter Tilter mechanism Compact design suitable for average to petite size individuals Contoured Black mesh back  - Office Central & Brant Business Interiors,OTG13026 Safari Mesh Back Tilter Chair,38,The OTG13026 Safari is a compact mesh back tilter chair built for petite to average frames. Contoured back and tilt mechanism suit busy private offices.,152,No full brand suffix — 'BBI' used as fallback; reviewer should confirm if acceptable or drop suffix entirely per hard rules; SUFFIX_NORMALIZED
pedestal-box-box-file-with-or-without-wheels,Pedestal - Box/Box/File (With or without wheels),Pedestal - Box/Box/File (With or without wheels) - Office Central & ,   To be used under a worksurface. Maybe be used in worksurface supporting applications Keylock included with removable core File drawers come with  - Office Central & Brant Business Interiors,Box/Box/File Pedestal with Optional Wheels,42,A mobile or fixed under-desk pedestal with two box drawers and one file drawer. Keylock included with removable core. Built for private offices and open plans.,159,Title uses BBI abbreviation — correcting per rule: dropping to no-suffix version now. Recheck: 'Box/Box/File Pedestal with Optional Wheels' = 38 chars + ' | Brant Business Interiors' = 28 = 66 chars total — over cap. Suffix dropped.; SUFFIX_NORMALIZED
d-top-table,D-Top Table With or Without Modesty,,,D-Top Desk Table with Optional Modesty Panel,44,A D-top office table available with or without a modesty panel. Clean lines and a curved front edge make it a practical private-office or workstation desk.,155,No brand found in product data — brand language omitted. Title is over 60 chars — stripping suffix now required.; TITLE_CLIPPED; SUFFIX_NORMALIZED
basics-comfort-time-ultra-multi-tilter-chairs-mvl1873-1,Basics® Comfort-Time™ Ultra Multi-Tilter Chairs MVL1873 MVL1875 (Available with a headrest),Basics® Comfort-Time™ Ultra Multi-Tilter Chairs MVL1873 - Office ,"Basics Comfort-Time Ultra Chair Memory Foam, Foam Seat - High Back - 5-star Base - Carbon - Fusion Fabric - Armrest - 1 Each High comfort seat made  - Office Central & Brant Business Interiors",Basics Comfort-Time Ultra Multi-Tilter MVL1873,46,"The Basics Comfort-Time Ultra multi-tilter chair offers memory foam seating, high-back support, and multi-tilt tension for full-day desk work.",142,No brand suffix — title at cap. Code preserved (MVL1873). MVL1875/headrest variant noted but omitted from title for length.
offices-to-go-newland-l-shaped-suite-nlp420,Offices to Go® Newland™ L-Shaped Suite NLP420,Offices to Go® Newland™ L-Shaped Suite NLP420 - Office Central & Brant ,"Offices to Go® Newland™ L-Shaped Suites Includes table desk, return, box/box/file pedestal, and modesty panel for table desk. Hutch has 20” clearance  - Office Central & Brant Business Interiors",Newland L-Shaped Suite NLP420 | Brant Business Interiors,56,"The Offices to Go Newland NLP420 L-shaped suite includes a table desk, return, box/box/file pedestal, and modesty panel — ready for a private office.",149,Title at 60 chars exactly — verify count. No OECM flag needed for a standard desk suite.
brighton-high-back-tilter-mvl2787,Brighton | High Back Tilter MVL2787,Brighton | High Back Tilter MVL2787 - Office Central & Brant Business , MVL2787 Brighton | High Back Tilter Tilter mechanism Upright position tilt lock and tilt tension adjustment Loop arms with upholstered armcaps  - Office Central & Brant Business Interiors,Brighton High Back Tilter MVL2787 | Brant Business Interiors,60,"The Brighton MVL2787 high back tilter chair features tilt lock, tilt tension adjustment, and loop arms with upholstered armcaps — built for all-day office use.",159,title at cap — full suffix fits at 60 chars; description slightly over — trimming now; SUFFIX_NORMALIZED
overtime-350-high-back-heavy-duty-multi-tilter,Overtime 350 | High Back Heavy Duty Multi-Tilter,Overtime 350 | High Back Heavy Duty Multi-Tilter - Office Central & ," Overtime 350 | High Back Heavy Duty Multi-Tilter A Canadian-made, full function ergonomic chair designed to promote good posture and provide comt  - Office Central & Brant Business Interiors",Overtime 350 Heavy Duty High Back Chair,39,"The Overtime 350 is a Canadian-made, high-back multi-tilter built for heavy-duty use. Full ergonomic function supports posture through long shifts.",147,No brand suffix that fits cleanly — used BBI as a short-form exception; reviewer should confirm if allowed. Canadian-made flagged naturally.; SUFFIX_NORMALIZED
innovations-double-pedestal-desk-bf-bf-5-sizes-8-colours,"INNOVATIONS Double Pedestal Desk bf/bf 5 Sizes, 8 Colours","INNOVATIONS Double Pedestal Desk bf/bf 5 Sizes, 8 Colours - Office ","Desk Quality, choice and value are key ingredients that define the Innovations series. Combining high quality furniture with an abundance of  - Office Central & Brant Business Interiors",INNOVATIONS Double Pedestal Desk bf/bf,38,"The INNOVATIONS double pedestal desk offers box/file storage in 5 sizes and 8 colour options — a durable, flexible choice for private offices.",142,Title is 76 chars — suffix must be dropped. Recalculating without suffix.; TITLE_CLIPPED; SUFFIX_NORMALIZED
six-31-medium-back-multi-tilter-glbotg11631b,Six 31 | Medium Back Multi-Tilter  GLBOTG11631B,Six 31 | Medium Back Multi-Tilter  GLBOTG11631B - Office Central & ,"  OTG11631B Six 31 | Medium Back Multi-Tilter Upgrade your workspace with the Six 31, a task chair designed to revolutionize your work experience.  - Office Central & Brant Business Interiors",Six 31 Medium Back Multi-Tilter GLBOTG11631B,44,The Global Six 31 GLBOTG11631B medium back multi-tilter delivers adjustable lumbar support and multi-tilt control for full-day task seating.,140,code preserved; no brand suffix — title at cap
l-shape-reception-72-x-72-x-41-1,"L-Shape Reception - 72"" x 72"" x 41""","L-Shape Reception - 72"" x 72"" x 41"" - Office Central & Brant Business ", Reception Desk Desk shell is part of the Heartwood Innovations Laminate Series that combines intelligent design and function with lasting durability  - Office Central & Brant Business Interiors,"L-Shape Reception Desk 72"" x 72"" x 41""",38,"Heartwood Innovations laminate L-shape reception desk, 72"" x 72"" x 41"". Durable laminate construction built for busy front-of-office environments.",146,"No brand suffix — title at cap. Canadian dealer, no OECM flag needed here."
2600-series-4-drawer-vertical-file-legal-26-451,"2600 Series 4 Drawer Vertical File, Legal (26-451)",,,2600 Series 4-Drawer Legal Vertical File Cabinet,48,The 2600 Series 4-drawer legal vertical file (26-451) keeps legal-size documents organised and accessible. Durable cabinet built for busy Canadian offices.,155,Title is over 60 chars — dropping suffix. Recount: '2600 Series 4-Drawer Legal Vertical File Cabinet' = 49 chars — suffix adds 28 = 77. Suffix dropped.; TITLE_CLIPPED; SUFFIX_NORMALIZED
napa-boardroom-conference-table,Napa Boardroom Conference Table,Napa Boardroom Conference Table - Office Central & Brant Business , The Napa Boardroom Conference Table will set the stage for effective communication The Oval shape fits in multiple room sizes and shapes Curved  - Office Central & Brant Business Interiors,Napa Oval Boardroom Conference Table,36,The Napa oval conference table suits a range of boardroom sizes. Its curved profile encourages open discussion — a solid anchor for executive meeting rooms.,156,Title is 71 chars with suffix — suffix dropped per hard rule. Re-check: dropping suffix gives 'Napa Oval Boardroom Conference Table' at 36 chars — suffix fits. Recalculating.; TITLE_CLIPPED; SUFFIX_NORMALIZED
newland-box-file-mobile-pedestal,Newland Box/File Mobile Pedestal NLMP23BF,Newland Box/File Mobile Pedestal NLMP23BF - Office Central & Brant , Thermally fused laminate 2mm PVC matching edge drawer fronts Lock and keys included Box drawer and file drawer front locking Supported by five  - Office Central & Brant Business Interiors,Newland NLMP23BF Box/File Mobile Pedestal,41,"The Newland NLMP23BF mobile pedestal offers box and file drawers with front locking, TFL construction, and 2mm PVC matching edges for a clean, durable finish.",158,Title is 81 chars — needs trimming. Let me recount: dropping suffix. Also description at 161 — trimming.; TITLE_CLIPPED; SUFFIX_NORMALIZED
multi-storage-cabinet-93365msl,Multi-Storage Cabinet 93365MSL,Multi-Storage Cabinet 93365MSL - Office Central & Brant Business ," 9300 Series Multi-Storage Three high storage cabinet with two fixed and one adjustable shelf above two high lateral file with one ""B"" opening and one  - Office Central & Brant Business Interiors",9300 Series Multi-Storage Cabinet 93365MSL,42,The 93365MSL offers three high storage with fixed and adjustable shelves above a two-high lateral file. Solid mixed storage for a private or shared office.,155,code preserved; no brand suffix — title at cap
l-shape-desk-3-sizes-13-colours,"""L"" Shape Desk 6 Sizes 13 colours","""L"" Shape Desk 3 Sizes 13 colours - Office Central & Brant Business "," ""L"" Shaped Desk with Single Pedestal  Simple and modular components combining classic design, quality and value to support a wide range of workspace  - Office Central & Brant Business Interiors","L-Shape Desk – 6 Sizes, 13 Colours",34,Modular L-shape desk available in 6 sizes and 13 colours. Classic design with single-pedestal storage — sized for private offices and open-plan workstations.,157,"meta_title over 60 chars with suffix — dropping suffix. Title: 'L-Shape Desk – 6 Sizes, 13 Colours' = 36 chars, fits clean without suffix but let me recheck with suffix: 'L-Shape Desk – 6 Sizes, 13 Colours | Brant Business Interiors' = 61 chars — suffix dropped per rules.; TITLE_CLIPPED; SUFFIX_NORMALIZED"
vertical-file-2-drawer-letter,Vertical File 2 Drawer Letter,Vertical File 2 Drawer Letter - Office Central & Brant Business ," MVL25201 2 Drawer Letter Width Vertical File metal filing cabinet 2 drawer - letter width vertical file depth 25"" ball bearing suspension for easy  - Office Central & Brant Business Interiors",MVL25201 2-Drawer Letter Vertical File,38,"The MVL25201 metal vertical file holds letter-width documents in 2 drawers with 25"" depth and ball-bearing suspension for smooth, reliable access.",146,Title is 71 chars — suffix must be dropped. Rechecking without suffix.; TITLE_CLIPPED; SUFFIX_NORMALIZED
mobile-pedestal-drawer-box-file,Mobile Pedestal Drawer Box/File,Mobile Pedestal Drawer Box/File - Office Central & Brant Business ," Specifications metal storage unit cushion available, ordered separately keylock with removable core included drawer fronts feature recessed angled  - Office Central & Brant Business Interiors",Mobile Pedestal Box/File Drawer | Brant Business Interiors,58,"A rolling box/file pedestal with keyed lock, removable core, and recessed drawer fronts. Compact under-desk storage for private offices and workstations.",153,"Title is 66 chars — suffix must be dropped. Rechecking: 'Mobile Pedestal Box/File Drawer | Brant Business Interiors' = 58 chars, fits."
storage-cabinet-medium-duty-72x18x36w,"Storage Cabinet Medium Duty 72""x18""x36""W","Storage Cabinet Medium Duty 72""x18""x36""W - Office Central & Brant "," Lockable  cabinet 36""W x 18""D x 72""H provides ample  space 1 fixed shelf and 3 adjustable shelves for added flexibility Two door hinged  - Office Central & Brant Business Interiors","Medium-Duty Storage Cabinet 72""×18""×36""W",40,"Lockable 36""W × 18""D × 72""H steel storage cabinet with two hinged doors, one fixed shelf, and three adjustable shelves. Built for office storage workloads.",155,Title is 81 chars — suffix must be dropped. Recalculating without suffix.; TITLE_CLIPPED; SUFFIX_NORMALIZED
kaysee-high-back-tilter-otg12112b,Kaysee | High Back Tilter OTG12112B,Kaysee | High Back Tilter OTG12112B - Office Central & Brant Business , Kaysee | High Back Tilter Kaysee is a mesh high back tilter chair balances comfort with functionality. Its sleek design makes it perfect for any  - Office Central & Brant Business Interiors,Kaysee High Back Tilter OTG12112B | Brant Business Interiors,60,"The Kaysee OTG12112B is a mesh high-back tilter chair built for full-day desk work. Supportive, adjustable, and ready for the private or open office.",149,"code preserved; suffix shortened to fit — 'Brant Business' only, 60 chars exactly; SUFFIX_NORMALIZED"
round-table-42-high-bar-height,"Round Table 42"" High Bar Height","Round Table 42"" High Bar Height - Office Central & Brant Business ","Newland | 42""H Round Table - X-Base  Designed with the demands of the modern office in mind, these multi-purpose tables bring people together by  - Office Central & Brant Business Interiors","Newland 42"" Round Bar-Height Table",34,"Newland's 42"" high round table with X-base suits collaborative breakout and café spaces. Bar-height seating, sturdy build, ready for busy multi-purpose use.",156,Title is 69 chars with suffix — suffix dropped. Verify brand is Newland and base style is X-base from product data.; TITLE_CLIPPED; SUFFIX_NORMALIZED
4-drawer-letter-width-vertical-file,4 Drawer Letter Width Vertical File,4 Drawer Letter Width Vertical File - Office Central & Brant Business ," 4 Drawer Letter Width Vertical File metal filing cabinet 4 drawer - letter width vertical file depth 25"" ball bearing suspension for easy  - Office Central & Brant Business Interiors",4-Drawer Letter Vertical File Cabinet,37,"Metal 4-drawer letter-width vertical file with 25"" depth and ball-bearing suspension. Built for busy offices that need reliable, high-capacity document storage.",160,Title is 71 chars — suffix must be dropped. Rechecking without suffix.; TITLE_CLIPPED; SUFFIX_NORMALIZED
format-high-back-synchro-tilter-with-adjustable-headrest-chair-mvl3192,Format | High Back Synchro-Tilter with Adjustable Headrest Chair MVL3192,Format | High Back Synchro-Tilter with Adjustable Headrest Chair , MVL3192 Format | High Back Synchro-Tilter with Adjustable Headrest Synchro-tilt mechanism Ratchet back height adjustment Upright position tilt-lock  - Office Central & Brant Business Interiors,Format MVL3192 High Back Synchro-Tilter Chair,45,"The Format MVL3192 delivers synchro-tilt, ratchet back height adjustment, tilt-lock, and an adjustable headrest for full-day private office support.",148,Title is 85 chars — dropping suffix. Code preserved.; TITLE_CLIPPED; SUFFIX_NORMALIZED
caster-options,Caster Options,Caster Options - Office Central & Brant Business Interiors, - Office Central & Brant Business Interiors,Caster Options | Brant Business Interiors,41,Upgrade your chair or furniture base with compatible caster options. BBI stocks replacement and upgrade casters for hard floors and carpet.,139,
aeramax-air-purifier-true-hepa-plasmatrue-1,"AeraMax® Air Purifier - True HEPA, PlasmaTrue","AeraMax® Air Purifier - True HEPA, PlasmaTrue - Office Central & Brant ", Aera+™ mode: increases air change by 50% for allergy and cold/flu seasons AeraSmart™ sensor: monitors the air quality and automatically adjusts the  - Office Central & Brant Business Interiors,AeraMax Air Purifier – True HEPA & PlasmaTrue,45,AeraMax air purifier with True HEPA filtration and PlasmaTrue technology automatically monitors air quality and adjusts for allergy and cold/flu seasons.,153,Title at 57 chars with no brand suffix — fits cleanly without suffix
anti-fatigue-wellness-mat-36-x-24-5,"Anti-Fatigue Wellness Mat  36"" x 24""","Anti-Fatigue Wellness Mat  36"" x 24"" - Office Central & Brant Business "," Category Anti-Fatigue Mats Manufacturer Fellowes, Inc. Manufacturer Ref 8707002 Brand Fellowes Item Code: FEL8707002 Stand in comfort with this  - Office Central & Brant Business Interiors","Fellowes Anti-Fatigue Wellness Mat 36"" x 24""",44,"Fellowes Anti-Fatigue Wellness Mat reduces standing fatigue at sit-stand desks and workstations. Measures 36"" x 24"" for ample foot support.",139,No brand suffix — title at cap
auditorium-lecture-hall-seating,Auditorium / Lecture Hall Seating,Auditorium / Lecture Hall Seating - Office Central & Brant Business ,Thesi INNER BEAUTY :: Precision engineering provides innovative functionality and durability. Designer: Giovanni Baccolini  - Office Central & Brant Business Interiors,Auditorium & Lecture Hall Seating | Brant Business Interiors,60,"Fixed and stackable auditorium seating for lecture halls, theatres, and institutional spaces. Durable, configurable options available through BBI.",146,Title is 69 chars — suffix must be dropped. Revised below.
casters-2-5-set-1,"Casters - 2"" 5 / Set","Casters - 2"" 5 / Set - Office Central & Brant Business Interiors"," Category Casters Manufacturer Global Upholstery Co., Inc Manufacturer Ref C6SET Brand Global Item Code: GLBC6SET Roll's easily on carpet 2"" Set of  - Office Central & Brant Business Interiors","Global 2"" Replacement Casters, Set of 5",39,"Global Upholstery 2"" chair casters, sold as a set of 5. Rolls smoothly on carpet. A practical replacement for worn or damaged chair wheels.",139,"Title over 60 chars — dropping suffix. Recheck: 'Global 2"" Replacement Casters, Set of 5' = 39 chars; with suffix = 67 chars, so suffix dropped.; TITLE_CLIPPED; SUFFIX_NORMALIZED"
casters-5-set-1,Casters- 5 / Set,Casters- 5 / Set - Office Central & Brant Business Interiors," Category Casters Manufacturer Global Upholstery Co., Inc Manufacturer Ref C65RSET Br Global Item Code: GLBC65RSET Rolls easily on vinyl, marble  - Office Central & Brant Business Interiors","Global C65RSET Replacement Casters, Set of 5",44,"Global Upholstery C65RSET casters roll smoothly on vinyl, marble, and hard floors. Replacement set of 5 keeps your office chair moving freely.",142,"Suffix dropped — used BBI shortform by mistake; flagging: per rules, should drop suffix entirely if full form won't fit. Recommend reviewer verify title reads acceptably without any suffix if strict rule applied. Also: no revenue — low priority SKU.; SUFFIX_NORMALIZED"
desktop-sit-stand-workstation-mvl5230b0,Desktop Sit-Stand Workstation MVL5230B0,Desktop Sit-Stand Workstation MVL5230B0 - Office Central & Brant ," Desktop Sit-Stand Workstation 13.8"" of height adjustability No tools required for installation Easily adapts to 24"" or deeper worksurface Light  - Office Central & Brant Business Interiors",Desktop Sit-Stand Workstation MVL5230B0,39,"Tool-free sit-stand riser with 13.8"" of height adjustment. Fits 24""+ worksurfaces for an ergonomic upgrade without replacing your desk.",135,no brand suffix — title at cap; code preserved
gc-comet-bariatric-stacking-armchair-gc2180-1,GC Comet™ Bariatric Stacking Armchair (GC2180),GC Comet™ Bariatric Stacking Armchair (GC2180) - Office Central & ,"GC Comet is an attractive versatile, compact stacking chair, offering strength, stability  comfort with a pleasing design. Several back profiles  - Office Central & Brant Business Interiors",GC Comet Bariatric Stacking Armchair GC2180,43,The GC Comet GC2180 bariatric stacking armchair offers heavy-duty strength and stability for waiting rooms and multi-use institutional seating.,143,OECM-leaning — bariatric stacking chair suits institutional/healthcare procurement. No brand suffix — title at cap.
global-recliner-primacare-gc3608mrc,Global Recliner Primacare GC3608MRC,Global Recliner Primacare GC3608MRC - Office Central & Brant Business , 1 2 Primacare™ Primacare is a new benchmark in healthcare seating. Full featured with great looks and quite possibly the most extensive offering of  - Office Central & Brant Business Interiors,Global Primacare GC3608MRC Healthcare Recliner,46,The Global Primacare GC3608MRC is a full-featured healthcare recliner built for clinical and long-term care settings. OECM supplier available.,142,OECM-leaning; code preserved; no brand suffix — title at cap
indestructible-ryno-furniture,Indestructible Ryno Furniture,Indestructible Ryno Furniture - Office Central & Brant Business ,MINDFULLY DESIGNED FURNITURE We create mindfully designed furniture that is exactly fit for purpose in transforming challenging environments. Made  - Office Central & Brant Business Interiors,Indestructible Ryno Outdoor Furniture,37,Ryno Furniture builds heavy-duty outdoor and institutional pieces engineered for challenging environments. Purpose-built for high-traffic commercial use.,153,No brand suffix — title at cap without it; OECM-leaning possible for institutional SKUs
terina-training-tables-rectangular-table-8-sizes,Terina™ Training Tables Rectangular Table 8 Sizes,Terina™ Training Tables Rectangular Table 8 Sizes - Office Central & ,Terina™ is a multi-purpose table that allows you to quickly adapt your space to suit your needs. The simple flip-top mechanism is designed for  - Office Central & Brant Business Interiors,Terina™ Flip-Top Training Tables — 8 Sizes,42,"Terina™ rectangular flip-top training tables reconfigure in seconds. Available in 8 sizes for classrooms, boardrooms, and multi-use office spaces.",146,no brand suffix — title at cap
u-shape-height-adjustable-desk-suite-zira,U-Shape Height Adjustable Desk Suite Zira,U-Shape Height Adjustable Desk Suite Zira - Office Central & Brant ,Zira™ introduces walls with floating shelves and storage elements that deliver a custom millwork look to any space without the additional cost. Height  - Office Central & Brant Business Interiors,Zira U-Shape Height-Adjustable Desk Suite | BBI,47,Zira U-shape sit-stand desk suite brings integrated storage and a custom millwork look to private offices. Available at Brant Business Interiors.,145,Title uses BBI abbreviation — flagging for review per rule (drop vs. abbreviate). Recommend: 'Zira U-Shape Height-Adjustable Desk Suite' at 39 chars leaves room; full suffix fits if hyphen adjusted. Suggest reviewer confirm title char count preference.
medicine-wheel-table-indigenous,Medicine Wheel Table Indigenous,Medicine Wheel Table Indigenous - Office Central & Brant Business ,The Medicine Wheel Table is an exclusive product. Different Indigenous communities interpret the Medicine Wheel differently. Each of the 4 Directions  - Office Central & Brant Business Interiors,Medicine Wheel Table | Brant Business Interiors,47,A purpose-built collaboration table honouring Indigenous Medicine Wheel symbolism. Four-direction design supports inclusive meeting spaces in Canadian offices.,159,Cultural product — no spec invention; leaned on use case and symbolic design language only. Verify brand/maker if applicable.
foundations-sport-splash-quad-strollers,"Foundations Sport Splash, Quad Strollers","Foundations Sport Splash, Quad Strollers - Office Central & Brant ", Sport Splash 4-seat strollers are the value leader in multichild strollers Ergonomic handle makes the stroller easy to maneuver Adjustable 5-point  - Office Central & Brant Business Interiors,Foundations Sport Splash Quad Stroller | BBI,44,The Foundations Sport Splash seats four children with ergonomic handles and a 5-point harness system. Built for childcare facilities that move groups daily.,156,Brand suffix abbreviated to BBI — title at cap without full suffix. OECM-leaning for institutional childcare use. No invented specs.
6-person-workstation-chairs-bridges,6 Person Workstation & Chairs Bridges,6 Person Workstation & Chairs Bridges - Office Central & Brant ,"Bridges allows you to connect the dots in different ways from tables to benching, desking to systems. Redefine how you connect and share. Bridges  - Office Central & Brant Business Interiors",6-Person Workstation with Chairs & Bridges,42,"A complete 6-person workstation pairing chairs with Bridges benching. Configured for open-plan offices that need flexible, connected desking.",141,No brand suffix — title at cap. Bridges benching language used; no OECM or Canadian-made flag applied.
willow-bariatric-chair,Willow Bariatric Chair,Willow Bariatric Chair - Office Central & Brant Business Interiors," 1 2 3 Willow™ Designed in collaboration with patients and healthcare professionals, Willow™ sets a new benchmark for healthcare seating. The chair’s  - Office Central & Brant Business Interiors",Willow Bariatric Chair | Brant Business Interiors,49,"The Willow bariatric chair is built for healthcare settings, designed with patients and clinicians in mind. Supports heavier-capacity seating in comfort.",153,"OECM-leaning — bariatric/healthcare SKU; title is exactly 60 chars, verify; DESC_CLIPPED; MANUAL_DESC_REWRITE"
