Handle,Product_ID,Action,Status,Target_Image_ID,Orig_Position
lateral-file-storage-cabinet-with-shelves,10086762348857,ALREADY_OK,ALREADY_OK,53463043113273,1
table-desk-height-adjustable,10086725615929,ALREADY_OK,ALREADY_OK,53463043277113,1
lateral-file-used-5-drawer-beige-nevada,10084137697593,ALREADY_OK,ALREADY_OK,53463043506489,1
l-shape-workstations,10053881692473,ALREADY_OK,ALREADY_OK,53463043703097,1
sonic-armchair-polypropylene-seat-back-6513,10043552071993,ALREADY_OK,ALREADY_OK,53463043899705,1
sonic-armless-counter-stool-polypropylene-seat-back-6558cs,10042767475001,REORDER,REORDERED,53463044063545,2
white-board-magnetic-mobile-on-wheels,10030448312633,REORDER,REORDERED,53463044227385,2
solo-gues-chair,10024625176889,REORDER,REORDERED,53463044391225,2
arm-caps-for-2330-chair,10023161004345,REORDER,REORDERED,53463044555065,2
tritek-7472-3-chair,10016146129209,REORDER,REORDERED,53463044718905,2
finch-armless-stacking-armchair-mvl11704,9982117806393,REORDER,REORDERED,53463044981049,2
low-back-stacking-chair-mvl2747,9982116069689,REORDER,REORDERED,53463045308729,2
armless-low-back-stacking-chair-mvl2748,9982115381561,REORDER,REORDERED,53463045603641,2
temptations-office-suite-copy,9968549888313,REORDER,REORDERED,53463046127929,2
temptations-office-suite,9968549429561,REORDER,REORDERED,53463046619449,2
fax-printer-machine-stand,9968013639993,REORDER,REORDERED,53463046914361,2
follower-block-mvlfb,9963964367161,REORDER,REORDERED,53463047143737,2
levels-bookcase,9963313004857,REORDER,REORDERED,53463047340345,2
keys-2-set,9960567046457,REORDER,REORDERED,53463047536953,2
newland-16w-box-box-file-mobile-pedestal-nlmp23bbf,9950669635897,REORDER,REORDERED,53463047766329,2
sonic-armchair-upholstered-seat-polypropylene-back-casters-6574,9945372459321,REORDER,REORDERED,53463047930169,2
laptop-holder-for-100-ma1c-100-ma2c-monitor-arms,9943316529465,REORDER,REORDERED,53463048094009,2
cluster-seating-2,9924896358713,REORDER,REORDERED,53463048257849,2
cluster-seating,9924895768889,REORDER,REORDERED,53463048421689,2
contemporary-metal-desk,9911124263225,REORDER,REORDERED,53463048585529,2
metal-apex-desk,9911112433977,REORDER,REORDERED,53463048847673,2
dispose,9905594925369,REORDER,REORDERED,53463048978745,2
robust-high-back-multi-tilter-chair-2526,9905517953337,REORDER,REORDERED,53463049208121,2
hutch-with-doors,9903963603257,REORDER,REORDERED,53463049371961,2
executive-workstation-10x10,9897192554809,REORDER,REORDERED,53463049535801,2
l-shape-desk-set-72x72,9893782552889,REORDER,REORDERED,53463049699641,2
l-shape-desk-with-hutch,9893597905209,REORDER,REORDERED,53463049863481,2
indigenous-medicine-wheel-huddl,9864578040121,REORDER,REORDERED,53463050060089,2
coffee-table-1,9862922142009,REORDER,REORDERED,53463050256697,2
credenza-storage-storage-with-locks,9859466658105,REORDER,REORDERED,53463050453305,2
links-custom-reception-unit-60x72,9858891776313,REORDER,REORDERED,53463050617145,2
wardrobe-storage-cabinet-htwlevsr7218,9855836586297,REORDER,REORDERED,53463050813753,2
l-shape-suire,9855829967161,REORDER,REORDERED,53463050977593,2
offices-to-go-newland-l-shaped-suite-nlp420,9855824068921,REORDER,REORDERED,53463051075897,2
meeting-table,9853059694905,REORDER,REORDERED,53463051272505,2
storage-cabinet-with-doors,9853010051385,REORDER,REORDERED,53463051436345,2
display-shelving,9852995436857,REORDER,REORDERED,53463051600185,2
av-stand-sa-81-3016,9846115074361,REORDER,REORDERED,53463051796793,2
quick-assembly-height-adjustable-base,9842444271929,REORDER,REORDERED,53463051960633,2
round-table-cross-base-8-colours,9841829478713,REORDER,REORDERED,53463052222777,2
l-shape-desk-with-36h-privacy-panel-1,9840946479417,REORDER,REORDERED,53463052386617,2
l-shape-desk-with-36h-privacy-panel,9840940810553,REORDER,REORDERED,53463052550457,2
innovation-l-shape-curved-corner,9840929276217,REORDER,REORDERED,53463052714297,2
obusforme-comfort-medium-back-chair-fabric-1241-3-copy,9840806887737,REORDER,REORDERED,53463053074745,2
delivery-75,9834060742969,REORDER,REORDERED,53463053271353,2
mobile-pedestal-file-file,9834039345465,REORDER,REORDERED,53463053435193,2
delivery-35,9831568867641,REORDER,REORDERED,53463053959481,2
ganging-plates-for-terina-tables-gfcngfp,9828101783865,REORDER,REORDERED,53463054188857,2
kensington-ac12-security-charging-cabinet,9827425812793,REORDER,REORDERED,53463054385465,2
kensington-universal-charge-sync-tablet-cabinet,9827425616185,REORDER,REORDERED,53463054549305,2
work-table-at,9826724872505,REORDER,REORDERED,53463054713145,2
aktivity-environ-table,9824093798713,REORDER,REORDERED,53463054876985,2
delivery-charge-65,9822444749113,REORDER,REORDERED,53463055368505,2
dolly-for-sonic-chairs-6517ws,9822363451705,REORDER,REORDERED,53463055532345,2
halifax-typical-4,9822310236473,REORDER,REORDERED,53463055696185,2
delivery-installation-charge-250-00,9819011055929,REORDER,REORDERED,53463056089401,2
delivery-charge-125,9818040172857,REORDER,REORDERED,53463056515385,2
extended-high-back-wide-deep-seat-multi-tilt-bao27513,9816405115193,REORDER,REORDERED,53463056679225,2
elora-multi-tilter-high-back-chair-black-petite-seat-baomvl1894,9815803887929,REORDER,REORDERED,53463056843065,2
innovation-l-shape-set,9800714158393,REORDER,REORDERED,53463057006905,2
hutch-5-sizes,9795588981049,REORDER,REORDERED,53463057170745,2
mobile-pedestal-digital-lock,9788567388473,REORDER,REORDERED,53463057334585,2
bookcase-with-closed-lower-storage,9788108833081,REORDER,REORDERED,53463057498425,2
credenza-with-sliding-doors-36-high,9788103917881,REORDER,REORDERED,53463057596729,2
installation-chairs,9786994098489,REORDER,REORDERED,53463057760569,2
ranger-table,9785891127609,REORDER,REORDERED,53463057957177,2
single-pedestal-desk-nlp232,9782658629945,REORDER,REORDERED,53463058153785,2
height-adjustable-rectangular-table-2-legs-nl48243qht,9782607446329,REORDER,REORDERED,53463058383161,2
two-drawer-lateral-file-nl3624lft,9782603186489,REORDER,REORDERED,53463058579769,2
desktop-sit-stand-workstation-mvl5230b0,9782589817145,REORDER,REORDERED,53463058776377,2
fireking-storage-cabinet-44-high,9779951731001,REORDER,REORDERED,53463059005753,2
fireking-storage-cabinet-72-high,9779951436089,REORDER,REORDERED,53463059169593,2
delivery-charge-175-00,9778565120313,REORDER,REORDERED,53463059464505,2
momentum-series-combos-keyboard-arm-premium-quality,9778549653817,REORDER,REORDERED,53463059792185,2
basics-comfort-time-drafting-stool-with-or-without-arms-1,9776149299513,REORDER,REORDERED,53463060185401,2
marlee-synchro-tilter-chairs,9776144908601,REORDER,REORDERED,53463060349241,2
avro-350m-heavy-duty-multi-tilter-chairs-mvl11716,9776142713145,REORDER,REORDERED,53463060545849,2
ultra-armless-high-back-tilter-mvl11732,9771602084153,REORDER,REORDERED,53463060709689,2
ashmont-medium-back-management-tilter-mvl2781,9771597070649,REORDER,REORDERED,53463060873529,2
offices-to-go-ashmont-tilter-chair-1,9771586617657,REORDER,REORDERED,53463061037369,2
basics-preto-swivel-tilt-chair-1,9771509907769,REORDER,REORDERED,53463061201209,2
knight-lightweight-tilter-chair-otg11360,9771443061049,REORDER,REORDERED,53463061365049,2
ibex-synchro-tilter-chairs-mvl2801,9771009016121,REORDER,REORDERED,53463061954873,2
tl-high-back-synchro-tilter,9770566779193,REORDER,REORDERED,53463062118713,2
vion-mesh-medium-back-chair,9770565009721,REORDER,REORDERED,53463062643001,2
craft-round-20-unit,9769342763321,REORDER,REORDERED,53463062970681,2
aktivity-puddle,9769301311801,REORDER,REORDERED,53463063134521,2
trapezoid-tables-3-sizes,9769268871481,REORDER,REORDERED,53463063265593,2
basics-comfort-time-ultra-multi-tilter-big-tall-with-headrest,9768075526457,REORDER,REORDERED,53463064019257,2
hardfloor-casters,9766928220473,REORDER,REORDERED,53463064183097,2
premium-plinth-cylinder-table-recessed-base-2,9764262936889,REORDER,REORDERED,53463064346937,2
wardrobe,9763504587065,REORDER,REORDERED,53463064543545,2
credenza-lfmsu,9763460579641,REORDER,REORDERED,53463064740153,2
credenza-scmsu,9763442524473,REORDER,REORDERED,53463065067833,2
credenza-lflf-1,9763429646649,REORDER,REORDERED,53463065231673,2
desk-shell-5-sizes,9757722313017,REORDER,REORDERED,53463065395513,2
shoptech-081,9754663682361,REORDER,REORDERED,53463065461049,2
shoptech-2500-pc550,9754656440633,REORDER,REORDERED,53463065624889,2
shoptech-082,9754654933305,REORDER,REORDERED,53463065788729,2
shoptech-2410,9754654245177,REORDER,REORDERED,53463069688121,2
shoptech-2302-pc775,9754653262137,REORDER,REORDERED,53463069917497,2
shoptech-2300-pc775,9754652115257,REORDER,REORDERED,53463070114105,2
shoptech-099rx,9754651525433,REORDER,REORDERED,53463070277945,2
shoptech-097-pc1000,9754633077049,REORDER,REORDERED,53463070441785,2
basics-elora-chair-high-back-black-leather-luxhide-mvl1893upu30bl20,9753585910073,REORDER,REORDERED,53463070605625,2
credenza-storage-hutch,9751461036345,REORDER,REORDERED,53463070802233,2
partitions-66-high-3-offices-1,9749032632633,REORDER,REORDERED,53463070998841,2
sparrow-otg10920-guest-chair,9747454427449,REORDER,REORDERED,53463071195449,2
zune-tilter-chair-black-fabric-seat-plastic-mesh-back-medium-back-otg11751b,9747452592441,REORDER,REORDERED,53463071293753,2
comfort-time-ultra-petit-seat-multi-tilter-chair-high-back-baomvl1880g5,9747448791353,REORDER,REORDERED,53463071457593,2
basics-comfort-time-ultra-multi-tilter-chair-with-headrest,9747447873849,REORDER,REORDERED,53463071654201,2
chevron-ultra-high-back-multi-tilter-chair-high-back-bao11203-1,9747444826425,REORDER,REORDERED,53463071818041,2
installation1000,9746802016569,REORDER,REORDERED,53463072047417,2
installation475,9746789433657,REORDER,REORDERED,53463072211257,2
l-shape-desk-8-sizes-9-colour-options-2,9746782093625,REORDER,REORDERED,53463072375097,2
l-shape-desk-8-sizes-9-colour-options-1,9746754732345,REORDER,REORDERED,53463072571705,2
delivery-charge-85-00,9746670092601,REORDER,REORDERED,53463072735545,2
mobile-pedestal-drawer-box-file,9745591533881,REORDER,REORDERED,53463072997689,2
prime-49-6h-two-file-multi-stor-cabinet-36w-x-18d-one-adjustable-shelf-gucc41g1836p,9733027758393,REORDER,REORDERED,53463073161529,2
prime-multi-storage-cabinet-lateral-file,9733027463481,REORDER,REORDERED,53463073685817,2
multi-storage-cabinet-93365msl,9733021401401,REORDER,REORDERED,53463073849657,2
dual-coloured-bookcase-15-sizes-available,9729952809273,REORDER,REORDERED,53463074013497,2
kate-medium-back-armchair-2813,9729489043769,REORDER,REORDERED,53463074111801,2
the-twilight-armchair-wood-veneer-back-2198ws,9729485898041,REORDER,REORDERED,53463074275641,2
the-erin-armless-chair-wood-legs-gc36530,9729480393017,REORDER,REORDERED,53463074505017,2
marche-guest-chair-8622,9729473741113,REORDER,REORDERED,53463074668857,2
marche-guest-chair-copy,9729471086905,REORDER,REORDERED,53463074931001,2
marche-guest-chair,9729470857529,REORDER,REORDERED,53463075160377,2
pedestal-file-file-with-or-without-wheels,9727990038841,REORDER,REORDERED,53463075389753,2
4-drawer-legal-width-vertical-file,9727970705721,REORDER,REORDERED,53463075619129,2
4-drawer-letter-width-vertical-file,9727969984825,REORDER,REORDERED,53463075782969,2
2-drawer-legal-width-vertical-file,9727968149817,REORDER,REORDERED,53463075946809,2
vertical-file-2-drawer-letter,9727967494457,REORDER,REORDERED,53463076110649,2
executive-suites-height-adjustable-desk,9726800527673,REORDER,REORDERED,53463076307257,2
management-u-shaped-suite-with-3-stage-height-adjustable-table,9726681907513,REORDER,REORDERED,53463076438329,2
l-shaped-desk-with-single-pedestal-60w-x-72d,9726671814969,REORDER,REORDERED,53463076602169,2
l-shaped-desk-with-double-pedestals-72w-x-78d,9726668308793,REORDER,REORDERED,53463076864313,2
u-shaped-desk-72w-x-96d,9726665031993,REORDER,REORDERED,53463077028153,2
single-pedestal-desk-60w-x-30d,9726655791417,REORDER,REORDERED,53463077191993,2
management-u-shaped-suite-72w-x-102d,9726650548537,REORDER,REORDERED,53463077519673,2
u-shaped-suite-with-rectangular-island,9726648353081,REORDER,REORDERED,53463077683513,2
u-shaped-suite-with-table-desk-72w-x-96d,9726645797177,REORDER,REORDERED,53463078043961,2
workway-planters,9724679127353,REORDER,REORDERED,53463078404409,2
taper-leg-table,9724674277689,REORDER,REORDERED,53463078732089,2
loop-leg-table,9724647440697,REORDER,REORDERED,53463078928697,2
led-desk-lamp-with-usb-and-night-light,9723832435001,REORDER,REORDERED,53463079289145,2
desk-lamp-5-30-w-led-bulb-adjustable-metal-acrylic-desk-mountable,9723829223737,REORDER,REORDERED,53463079387449,2
storage-right-ff-sc-left-wardrobe,9722809811257,REORDER,REORDERED,53463079977273,2
storage-wardrobe-unit,9722804863289,REORDER,REORDERED,53463080173881,2
wardrobe-with-lock,9722802536761,REORDER,REORDERED,53463080599865,2
credenza-sliding-doors,9722789822777,REORDER,REORDERED,53463080796473,2
storage-cabinet-credenza-72w-x-24d,9722772357433,REORDER,REORDERED,53463081124153,2
u-shape-d-top-workstation,9720842944825,REORDER,REORDERED,53463081287993,2
roma-1900-nesting-chair,9719788732729,REORDER,REORDERED,53463081845049,2
sidero-tablet-arm,9719783162169,REORDER,REORDERED,53463082238265,2
sidero-tablet-chair,9719771300153,REORDER,REORDERED,53463082533177,2
atlas-sit-to-stand-height-adjustable-desk,9714121933113,REORDER,REORDERED,53463083483449,2
safco-2130sl-desk-mount-for-monitor-keyboard,9710313079097,REORDER,REORDERED,53463083909433,2
sit-stand-1,9710311440697,REORDER,REORDERED,53463084073273,2
bolt-mesh-back-tilter-otg11510b,9708349915449,REORDER,REORDERED,53463084597561,2
regalia-task-mesh-chair-otg10892,9706986733881,REORDER,REORDERED,53463084990777,2
full-time-chair-mvl2900,9706964681017,REORDER,REORDERED,53463085482297,2
ranger-steel-4-post-table-42-w-x-30-d-with-drawer-safco,9702670467385,REORDER,REORDERED,53463085908281,2
ranger-steel-4-post-table-42-w-x-30-d,9702669975865,REORDER,REORDERED,53463086072121,2
sidero-guest-chair-28-colour-options,9699268591929,REORDER,REORDERED,53463086334265,2
bookcase-15-sizes-available,9698697576761,REORDER,REORDERED,53463086530873,2
bookcase,9698682044729,REORDER,REORDERED,53463086760249,2
desk-top-dividers,9693140713785,REORDER,REORDERED,53463087022393,2
rebound-armchair-polypropylene-seat-1,9693093790009,REORDER,REORDERED,53463087219001,2
stream-armless-chair-polypropylene-seat-back-2075app,9693091889465,REORDER,REORDERED,53463087382841,2
drafting-table-custom,9693076390201,REORDER,REORDERED,53463087579449,2
drafting-table-precision-table-2-sizes,9693073867065,REORDER,REORDERED,53463087808825,2
drafting-table-safco-vista-drawing-table,9693072687417,REORDER,REORDERED,53463087972665,2
lectern-storage-stand,9693070721337,REORDER,REORDERED,53463088136505,2
lectern-podium,9693069377849,REORDER,REORDERED,53463088365881,2
credenza-60x20,9693064692025,REORDER,REORDERED,53463088693561,2
beta-armless-posture-task-drafting-stool-mvl2718,9692248211769,REORDER,REORDERED,53463088857401,2
lockerettes-6-tier-bank-of-3-36-x-18-x-72-steel-grey-rivet-assembled,9692198633785,REORDER,REORDERED,53463089021241,2
folding-table-36-bt36-resin,9690428637497,REORDER,REORDERED,53463089250617,2
soho-desk-single-pedestal-2-sizes,9688274895161,REORDER,REORDERED,53463089447225,2
bow-front-desk-72x42,9688271159609,REORDER,REORDERED,53463089611065,2
6-person-workstation-chairs-bridges,9688261001529,REORDER,REORDERED,53463089905977,2
zira-workstation-3-person,9688253759801,REORDER,REORDERED,53463090102585,2
desk-single-pedestal-bbf,9688139923769,REORDER,REORDERED,53463090266425,2
ibex-upholstered-seat-mesh-back-tilter-chair-mvl2801,9686790209849,REORDER,REORDERED,53463090495801,2
gc-comet-bariatric-stacking-armchair-gc2180-1,9685632909625,REORDER,REORDERED,53463090757945,2
foundations-next-gen-serenity-compact-crib,9685414871353,REORDER,REORDERED,53463090921785,2
metal-desk-laminate-top,9683142836537,REORDER,REORDERED,53463091085625,2
ultima-adjustable-stool,9683134611769,REORDER,REORDERED,53463091380537,2
horseshoe-study-table-height-adjustable-c-shape-horseshoe-1,9683080249657,REORDER,REORDERED,53463091609913,2
table-round-height-adjustable,9683059179833,REORDER,REORDERED,53463091740985,2
teknion-zones,9682842616121,REORDER,REORDERED,53463091937593,2
diet,9682813813049,REORDER,REORDERED,53463092101433,2
boulevard-system-3,9682812207417,REORDER,REORDERED,53463092298041,2
student-desk,9682495111481,REORDER,REORDERED,53463092494649,2
student-chair-4-sizes-copy,9682149048633,REORDER,REORDERED,53463092691257,2
student-chair-4-sizes-1,9682147737913,REORDER,REORDERED,53463092855097,2
round-table-29-high,9680085844281,REORDER,REORDERED,53463093117241,2
outdoor-steel-bench,9676932350265,REORDER,REORDERED,53463093412153,2
recycled-plastic-picnic-tables,9676931498297,REORDER,REORDERED,53463093510457,2
outdoor-park-benches,9676931039545,REORDER,REORDERED,53463093772601,2
banquet-chair-stacking,9676929270073,REORDER,REORDERED,53463093936441,2
otgma2-dual-monitor-arm,9676167774521,REORDER,REORDERED,53463094198585,2
end-table-glass-top,9673700376889,REORDER,REORDERED,53463094395193,2
coffee-table,9673699295545,REORDER,REORDERED,53463094624569,2
round-table-glass-top-1,9673698214201,REORDER,REORDERED,53463094788409,2
round-table-glass-top,9673696248121,REORDER,REORDERED,53463094985017,2
reception-unit-72x72,9669947326777,REORDER,REORDERED,53463095148857,2
gas-lift-monitor-riser,9667825598777,REORDER,REORDERED,53463095279929,2
overtime-350-high-back-heavy-duty-multi-tilter-mvl13040,9667800334649,REORDER,REORDERED,53463095443769,2
stacking-chair-sas-10-plus-colours,9667787161913,REORDER,REORDERED,53463095640377,2
stacking-chair-sonic-6508,9667781034297,REORDER,REORDERED,53463095804217,2
stacking-chair-popcorn-6711,9667777626425,REORDER,REORDERED,53463096164665,2
l-shape-loop-leg-desk,9666794258745,REORDER,REORDERED,53463096492345,2
l-shape-desk-hutch,9666764865849,REORDER,REORDERED,53463096721721,2
format-high-mesh-back-synchro-tilter,9666761457977,REORDER,REORDERED,53463096885561,2
lumi-high-back-synchro-tilter-chair,9666759852345,REORDER,REORDERED,53463097049401,2
six-13-medium-back-multi-tilter,9666758738233,REORDER,REORDERED,53463097147705,2
overtime-high-back-multi-tilter-chair-mvl2756,9666757919033,REORDER,REORDERED,53463097311545,2
elora-multi-tilter-high-back-chair-black-baomvl1893,9666755526969,REORDER,REORDERED,53463097737529,2
loover-medium-back-synchro-tilter-chair,9666754675001,REORDER,REORDERED,53463098163513,2
loover-high-back-synchro-tilter,9666753855801,REORDER,REORDERED,53463098327353,2
echo-medium-back-multi-tilter-3671-3-1,9666752708921,REORDER,REORDERED,53463098589497,2
echo-3670-3-task-chair,9666752053561,REORDER,REORDERED,53463098786105,2
ergo-boss-high-back-multi-tilter-chair-1,9666750906681,REORDER,REORDERED,53463098949945,2
basics-ergo-boss-executie-back-multi-tilter-chairs-bao28703,9666750054713,REORDER,REORDERED,53463099081017,2
global-obusforme-elite-multi-tilter-chair-high-back,9666747924793,REORDER,REORDERED,53463099998521,2
granada-deluxe-high-back-multi-tilter-1170-3-2,9666746384697,REORDER,REORDERED,53463100162361,2
concorde-high-back-executive-multi-tilter-2424,9666744680761,REORDER,REORDERED,53463100260665,2
robust-high-back-multi-tilter-chair-500lb-weight-capacity-glb74475,9666742124857,REORDER,REORDERED,53463100424505,2
easy-pull-in-out-keyboard-tray,9666436006201,REORDER,REORDERED,53463100588345,2
keyboard-tray-multi-adjustable,9666434138425,REORDER,REORDERED,53463100752185,2
keyboard-tray-multi-position,9666433876281,REORDER,REORDERED,53463100948793,2
triple-monitor-arm,9666433515833,REORDER,REORDERED,53463101112633,2
ibex-mesh-seat-back-drafting-chair-stool-1,9666389967161,REORDER,REORDERED,53463101276473,2
ibex-mesh-back-drafting-stool-task-chair-with-arms,9666389082425,REORDER,REORDERED,53463101440313,2
danio-armless-height-adjustable-task-stool,9666387116345,REORDER,REORDERED,53463101899065,2
bar-leaner-1-span-collaborative,9666368602425,REORDER,REORDERED,53463102521657,2
vesta-power-tower,9665685782841,REORDER,REORDERED,53463102619961,2
ionic-feet-1-pair,9665634435385,REORDER,REORDERED,53463103045945,2
dual-sided-height-adjustable-table,9665415807289,REORDER,REORDERED,53463103439161,2
premium-height-adjustable-table-1,9665360331065,REORDER,REORDERED,53463103603001,2
ibex-mesh-seat-back-multi-tilter-1,9664290455865,REORDER,REORDERED,53463103766841,2
ibex-upholstered-seat-mesh-back-multi-tilter-1,9664289014073,REORDER,REORDERED,53463103930681,2
tl-high-back-multi-tilter,9664286523705,REORDER,REORDERED,53463104160057,2
altona-high-back-leather-tilter,9664282657081,REORDER,REORDERED,53463104454969,2
ashton-high-back-tilter,9664281542969,REORDER,REORDERED,53463104618809,2
high-back-tilter-with-arms,9664277971257,REORDER,REORDERED,53463104815417,2
high-back-weight-sensing-synchro-tilter,9639512768825,REORDER,REORDERED,53463104913721,2
management-l-shaped-suite-66w-x-72d,9469546103097,REORDER,REORDERED,53463105077561,2
u-shape-desk-nlp205,9468352889145,REORDER,REORDERED,53463105241401,2
table-desk-13-colour-options,9455249195321,REORDER,REORDERED,53463105405241,2
desk-l-shape-with-drawers,9455233368377,REORDER,REORDERED,53463105569081,2
desk-single-pedestal-1,9455190606137,REORDER,REORDERED,53463105765689,2
desk-single-pedestal,9455188476217,REORDER,REORDERED,53463105995065,2
desk-double-pedestal,9455162884409,REORDER,REORDERED,53463106158905,2
end-table-29-x-29-x-16,9114394001721,REORDER,REORDERED,53463106257209,2
coffee-table-33-x-33-15-height-2,9114345603385,REORDER,REORDERED,53463106453817,2
aktivity-rectangle-height-adjustable-table,9114228523321,REORDER,REORDERED,53463106617657,2
casters-2-5-set-1,9114164527417,REORDER,REORDERED,53463106781497,2
table-18x28,9114131923257,REORDER,REORDERED,53463106945337,2
table-29-x-28-5,9114029326649,REORDER,REORDERED,53463107109177,2
table-29-x-28-4,9113981321529,REORDER,REORDERED,53463107305785,2
tables-dolly-8,9113935479097,REORDER,REORDERED,53463107633465,2
table-29-x-28-3,9113895928121,REORDER,REORDERED,53463107830073,2
tables-dolly-7,9113822462265,REORDER,REORDERED,53463108026681,2
desktop-riser-black-2,9103475704121,REORDER,REORDERED,53463108124985,2
offices-to-go-ionic-table-36-x-36-x-29-material-metal-base-finish-absolute-acajou-black-base-sandtex-1,9103429927225,REORDER,REORDERED,53463108321593,2
pedestal-box-box-file-with-or-without-wheels,9103392276793,REORDER,REORDERED,53463108485433,2
storage-cabinet-medium-duty-72x18x36w,9103385526585,REORDER,REORDERED,53463108682041,2
workstation-96-x-50-x-29-4-person-station,9103363014969,REORDER,REORDERED,53463108878649,2
flip-top-table-48-x-24,9103358984505,REORDER,REORDERED,53463109075257,2
round-table-42-high-bar-height,9103357116729,REORDER,REORDERED,53463109239097,2
standing-desk-for-corner-desk-5,9103350169913,REORDER,REORDERED,53463109435705,2
craft-wedge-overtable-chrome-leg-1,9103347024185,REORDER,REORDERED,53463109632313,2
chair-dolly-duet-chairs,9103344206137,REORDER,REORDERED,53463109796153,2
casters-5-set-1,9103339782457,REORDER,REORDERED,53463109959993,2
round-table-x-base-5,9103337423161,REORDER,REORDERED,53463110123833,2
sentry-safe-security-safe-with-electronic-lock-4,9103335326009,REORDER,REORDERED,53463110353209,2
gardex-security-safe-fire-resistant-24-x-18-5-x-18-5,9103331131705,REORDER,REORDERED,53463110517049,2
gardex-security-safe-fire-resistant-size-29-x-21-5-x-21-5-beige,9103330115897,REORDER,REORDERED,53463110680889,2
security-safe-39-x-26-5-x-26-5-1,9103329820985,REORDER,REORDERED,53463110975801,2
security-safe-fire-resistant-50-5-x-26-5-1,9103328969017,REORDER,REORDERED,53463111139641,2
newland-box-file-mobile-pedestal,9103190753593,REORDER,REORDERED,53463111369017,2
l-shape-desk-3-sizes-13-colours,9103190196537,REORDER,REORDERED,53463111532857,2
boat-shaped-conference-table-96-x-36-x-29,9103188459833,REORDER,REORDERED,53463111696697,2
floor-chairmat-carpet-hard-floor-60-x-46,9103186002233,REORDER,REORDERED,53463111860537,2
dolly-7,9103185183033,REORDER,REORDERED,53463112089913,2
coat-tree-hook-stand-1,9103184265529,REORDER,REORDERED,53463112253753,2
l-shape-reception-72-x-72-x-41-1,9103183151417,REORDER,REORDERED,53463112417593,2
plexiglass-hanging-modesty-panel-48-width-x-15-height-2,9103182364985,REORDER,REORDERED,53463112581433,2
heartwood-plexiglass-hanging-modesty-panel-48-width-x-15-height-plexiglass-silver-metal-clear-2,9103182299449,REORDER,REORDERED,53463112745273,2
innovations-suite,9103181742393,REORDER,REORDERED,53463112909113,2
offices-to-go-chair-2,9103181250873,REORDER,REORDERED,53463113072953,2
safe-small-security-safe-with-electronic-lock-8-7-x-13-8-x-10-6-3,9103180693817,REORDER,REORDERED,53463113236793,2
safe-digital-fire-water-file,9103180366137,REORDER,REORDERED,53463113400633,2
folding-table-60-4,9103180136761,REORDER,REORDERED,53463113564473,2
folding-table-30-x-96-1,9103179186489,REORDER,REORDERED,53463113793849,2
folding-table-60-x-30-1,9103178924345,REORDER,REORDERED,53463113990457,2
folding-table-30x-72,9103178400057,REORDER,REORDERED,53463114187065,2
hdl-5-resin-folding-table-granite-rectangle-dove-white-pebble-top-powder-coated-base-60-table-top-length-x-30-table-top-width-29-height-1,9103177744697,REORDER,REORDERED,53463114285369,2
folding-table-24-x-48-1,9103177056569,REORDER,REORDERED,53463114907961,2
electronic-lock-business-safes,9103169388857,REORDER,REORDERED,53463115071801,2
chair-black-steel-frame-2,9100258541881,REORDER,REORDERED,53463115301177,2
l-shaped-medium-pile-chair-mat-with-lip-66-x-60-2,9100256477497,REORDER,REORDERED,53463115530553,2
carpeted-floor-48-x-36-6,9099976245561,REORDER,REORDERED,53463115694393,2
bookcase-1-shelf-32-wide-x-72-high,9099312267577,REORDER,REORDERED,53463115858233,2
door-32-x-32-1,9098388799801,REORDER,REORDERED,53463116022073,2
reception-desk-84-x-84-1,9098379854137,REORDER,REORDERED,53463116120377,2
desk-2-drawer-48-x-24-x-29-1,9098360783161,REORDER,REORDERED,53463116349753,2
large-fire-water-safe-13-x-16-x-19-black-2,9098317070649,REORDER,REORDERED,53463116611897,2
original-hydro-parkas-mens-medium-navy-blue,9039407841593,REORDER,REORDERED,53463116775737,2
1-1-2-drawer-high-lateral-cabinet-4,9039403024697,REORDER,REORDERED,53463117332793,2
honor-roll-dsq-1824-pb-table-desk-square-leg-base-4-legs-x-24-table-top-width-x-18-table-top-depth-5-each,9039401713977,REORDER,REORDERED,53463117496633,2
haag-shell-jacket-mens-4x-large-black-2,9039399780665,REORDER,REORDERED,53463117660473,2
haag-shell-jacket-mens-4x-large-black-1,9039398764857,REORDER,REORDERED,53463117791545,2
unisource-promeltslice-ice-melting-compound-crystal-20-kg,9039381201209,REORDER,REORDERED,53463118217529,2
desk-u-shape-mlp205-1,9039376023865,REORDER,REORDERED,53463118577977,2
workstation-u-shape,9039374582073,REORDER,REORDERED,53463119069497,2
offices-to-go-ultra-high-back-tilter-black-bonded-leather-1-each,9039329657145,REORDER,REORDERED,53463119298873,2
u-shape-height-adjustable-desk-suite-zira,9688255365433,REORDER,REORDERED,53463171760441,2
halifax-series,9822314070329,REORDER,REORDERED,53463173890361,2
gardex-fireproof-lateral-file-2-3-4-drawer,9779411976505,REORDER,REORDERED,53463174873401,2
halifax-executive-suite,9820816179513,REORDER,REORDERED,53463175135545,2
circular-reception-unit-w-41-r,9843066274105,REORDER,REORDERED,53463175266617,2
4-person-workstation,9860596138297,REORDER,REORDERED,53463175364921,2
fellowes-array-ceiling-ac2-air-purifier,9712548118841,REORDER,REORDERED,53463175463225,2
fellowes-array-recess-ar-air-purifier-1,9712556441913,REORDER,REORDERED,53463175594297,2
the-foster-recliner,9462257615161,REORDER,REORDERED,53463175692601,2
partitions-66-high-6-offices,9749033386297,REORDER,REORDERED,53463175823673,2
screenflex-room-dividers,9757974364473,REORDER,REORDERED,53463175987513,2
fellowes-array-wall-stand-air-purification,9712562045241,REORDER,REORDERED,53463176085817,2
drafting-table,9693071737145,REORDER,REORDERED,53463176216889,2
medicine-wheel-table-indigenous,9683112067385,REORDER,REORDERED,53463176380729,2
vertical-fireproof-cabinets-2-3-4-drawer,9779950256441,REORDER,REORDERED,53463176479033,2
soft-pods,9667868524857,REORDER,REORDERED,53463176610105,2
innovations-u-shape-suite,9839234384185,REORDER,REORDERED,53463176741177,2
upscale-meeting-boardroom-tables-3-sizes-8-colours,9674747117881,REORDER,REORDERED,53463176839481,2
modern-grigio-reception-desk,9788847030585,REORDER,REORDERED,53463176970553,2
management-u-shaped-suite-with-3-stage-height-adjustable-table-nlp410,9900174475577,REORDER,REORDERED,53463177068857,2
nutmeg-reception,9788850307385,REORDER,REORDERED,53463177232697,2
nourish-high-back-bariatric-patient-chair-gc3685-1,9685627470137,REORDER,REORDERED,53463177331001,2
global-recliner-primacare-gc3608mrc,9692001993017,REORDER,REORDERED,53463177429305,2
makerspace-tables,9785193038137,REORDER,REORDERED,53463177593145,2
l-shape-height-adjustable-desk-set,9665339851065,REORDER,REORDERED,53463177756985,2
height-adjustable-l-shape-71x71,9665393262905,REORDER,REORDERED,53463177855289,2
institutional-series-lateral-file-cabinet-2-3-4-5-drawer,9782474211641,REORDER,REORDERED,53463177986361,2
u-shape-height-adjust-desk,9499674050873,REORDER,REORDERED,53463178084665,2
offices-to-go-newland-u-shaped-suites-nlp406,9855852380473,REORDER,REORDERED,53463178248505,2
jumbo-storage-cabinet-assembled-72-h-x48w-x-24-d,9776397713721,REORDER,REORDERED,53463178346809,2
array-stand-as-air-purifier-1,9712563224889,REORDER,REORDERED,53463178477881,2
hideaway-storage-cabinet-1,9733369233721,REORDER,REORDERED,53463178576185,2
u-shaped-desk-with-3-stage-height-adjustable-table,9726676795705,REORDER,REORDERED,53463178740025,2
partitions-66-high-2-offices-1,9749031420217,REORDER,REORDERED,53463178838329,2
drift-seating,9701172412729,REORDER,REORDERED,53463178969401,2
executive-u-shape-desk-set,9785152078137,REORDER,REORDERED,53463179133241,2
wind-lounge-seating,9676171379001,REORDER,REORDERED,53463179362617,2
racetrack-conference-table-1-top,9851761426745,REORDER,REORDERED,53463179460921,2
innovations-l-shape-desk-with-hutch,9785116819769,REORDER,REORDERED,53463179854137,2
height-adjustable-l-shape-table,9687455924537,REORDER,REORDERED,53463179985209,2
felt-acoustic-room-dividers,9832199749945,REORDER,REORDERED,53463180083513,2
laminate-lockers-copy,9822332387641,REORDER,REORDERED,53463180214585,2
indoor-planter,9469554262329,REORDER,REORDERED,53463180345657,2
premium-series-lateral-file-cabinet-2-3-4-5-drawer-1,9114485391673,REORDER,REORDERED,53463180476729,2
ml-series-lounge-chair,9676178981177,REORDER,REORDERED,53463180575033,2
ceiling-grids-sound-acoustic-dampeners-copy,9832616821049,REORDER,REORDERED,53463180673337,2
primacare-ht-patient-mid-back-bariatric-open-arms-gc3638-1,9685608563001,REORDER,REORDERED,53463180804409,2
sirena-lounge-chair-3371,9893663277369,REORDER,REORDERED,53463180935481,2
levels-l-shape,9800687845689,REORDER,REORDERED,53463181230393,2
felt-acoustic-wall-tiles,9832223867193,REORDER,REORDERED,53463181328697,2
planter,9753608388921,REORDER,REORDERED,53463181525305,2
height-adjustable-l-shape-table-1,9855858245945,REORDER,REORDERED,53463181623609,2
manual-height-adjustable-table,9795576660281,REORDER,REORDERED,53463181984057,2
ceiling-grids-sound-acoustic-dampeners-1,9832610988345,REORDER,REORDERED,53463182115129,2
cabinet-file-file-right-wardrobe-inv-6524cffwr-24,9858778431801,REORDER,REORDERED,53463182213433,2
partitions-66-high,9749031158073,REORDER,REORDERED,53463182311737,2
lateral-file-wood-laminate-2-3-4-drawer-options,9788589900089,REORDER,REORDERED,53463182442809,2
boat-shaped-conference-table,9103187345721,REORDER,REORDERED,53463182541113,2
lockers-single-tier-assembled,9690784596281,REORDER,REORDERED,53463182639417,2
lockers-2-tier-assembled,9690804846905,REORDER,REORDERED,53463182836025,2
standard-lateral-files-2-3-4-5-drawers,9782444425529,REORDER,REORDERED,53463183229241,2
wood-laminate-storage-cabinets,9788608184633,REORDER,REORDERED,53463183360313,2
levels-suite,9747754320185,REORDER,REORDERED,53463183458617,2
student-desk-carol-single-double-sided,9724689940793,REORDER,REORDERED,53463183622457,2
lounge-seating-3-sizes-suburb,9682802147641,REORDER,REORDERED,53463183786297,5
bungee-tables-rectangular-flip-top-table-spider-legs-wheels,9893580931385,REORDER,REORDERED,53463183917369,2
deep-hi-boy-storage-cabinet-72-h-x-36-w-x-24-d,9776398729529,REORDER,REORDERED,53463184048441,2
ml-bar-stool,9676180488505,REORDER,REORDERED,53463184146745,5
l-shape-desk-8-sizes-9-colour-options,9746797494585,REORDER,REORDERED,53463184245049,2
innovations-double-pedestal-desk-bf-bf-5-sizes-8-colours,9733212438841,REORDER,REORDERED,53463184474425,2
luray-executive-chair,9847159750969,REORDER,REORDERED,53463184638265,2
basics-obusforme-elite-heavy-duty-multi-tilter-chair-ts2770-3-1,9776141041977,REORDER,REORDERED,53463184736569,2
pneumatic-height-adjustable-table,9725753360697,REORDER,REORDERED,53463184933177,2
uni-flip-training-tables-7-sizes,9686666871097,REORDER,REORDERED,53463185064249,2
ergo-boss-multi-tilter-chair-2,9768066646329,REORDER,REORDERED,53463185424697,2
upscale-table-1,9674761797945,REORDER,REORDERED,53463185686841,2
terina-training-tables-rectangular-table-8-sizes,9686654255417,REORDER,REORDERED,53463185850681,2
scoot-multi-purpose-lectern-8922bl-1,9693074391353,REORDER,REORDERED,53463186669881,2
lockers-2-tier,9868797346105,REORDER,REORDERED,53463186866489,2
height-adjustable-table-5-sizes,9687458873657,REORDER,REORDERED,53463187128633,2
laminate-lockers-1,9822327505209,REORDER,REORDERED,53463187390777,2
scoot-8945bl-lectern,9837829685561,REORDER,REORDERED,53463187554617,2
sora-mesh-back-chair-6941-6942,9828305142073,REORDER,REORDERED,53463187849529,2
rambler-ottoman-8-shape-size-options,9769354592569,REORDER,REORDERED,53463188111673,2
planters,9676187631929,REORDER,REORDERED,53463188439353,2
obusforme-elite-multi-tilter-chair-medium-back,9666748711225,REORDER,REORDERED,53463188898105,2
koko-tables,9820585525561,REORDER,REORDERED,53463189127481,2
global-accord-back-knee-tilter-chair-1,9639652557113,REORDER,REORDERED,53463189324089,2
desk-top-divider-divide,9693141827897,REORDER,REORDERED,53463190241593,2
lotus-dx-sit-stand-workstation-dual-monitor-arm-extra,9667830776121,REORDER,REORDERED,53463190602041,2
obusforme-comfort-medium-back-chair-fabric-1241-3-copy-1,9938997543225,REORDER,REORDERED,53463190962489,2
napa-boardroom-conference-table,9724981215545,REORDER,REORDERED,53463191486777,2
electric-dual-monitor-height-adjustable-standing-desk-workstation-dc450,9103473934649,REORDER,REORDERED,53463191847225,2
ceiling-grids-sound-acoustic-dampeners-orb,9832623735097,REORDER,REORDERED,53463192338745,2
manual-height-adjustable-base,9882644414777,REORDER,REORDERED,53463192600889,2
quick-assembly-electric-height-adjustable-base-2-legs,9783856824633,REORDER,REORDERED,53463193026873,2
impromptu-lectern-1,9693075505465,REORDER,REORDERED,53463193485625,2
sit2stand-series-sit-stand-workstation,9688143266105,REORDER,REORDERED,53463193846073,2
electric-height-adjustable-standing-desk-workstation-4,9103471608121,REORDER,REORDERED,53463194304825,2
vion-mesh-high-back-chair-1,9499576009017,REORDER,REORDERED,53463194599737,2
sit-stand-fellowes-lotus-dual-arm-not-included,9667821994297,REORDER,REORDERED,53463195124025,2
the-accord-tilter-high-back-chair-1,9771515150649,REORDER,REORDERED,53463195550009,2
arlo-lounge-swivel-task-chair-1,9759454560569,REORDER,REORDERED,53463195812153,2
obusforme-comfort-high-back-chair-fabric-1240-3,9039326609721,REORDER,REORDERED,53463197417785,2
ibex-drafting-task-stool-mvl2808,9776147792185,REORDER,REORDERED,53463197778233,2
chevron-ultra-medium-back-multi-tilter-chair,9770563141945,REORDER,REORDERED,53463198171449,2
basics-elora-home-office-synchro-tilter-chair-1,9770509140281,REORDER,REORDERED,53463198368057,2
basics-comfort-time-ultra-multi-tilter-big-tall-chair,9768077066553,REORDER,REORDERED,53463198695737,2
anda-seat-phantom-king-gaming-style-office-chair,9725776691513,REORDER,REORDERED,53463199121721,2
overtime-350-high-back-heavy-duty-multi-tilter,9664325615929,REORDER,REORDERED,53463199580473,2
triple-monitor-and-ipad-holder,9785822609721,REORDER,REORDERED,53463199711545,2
supra-x-chair-1,9795527344441,REORDER,REORDERED,53463200268601,2
guest-chair-6960-moda,9667794239801,REORDER,REORDERED,53463200596281,2
basics-comfort-time-ultra-multi-tilter-chairs-mvl1873-1,9815800054073,REORDER,REORDERED,53463201120569,2
two-stage-electric-height-adjustable-table,9744712171833,REORDER,REORDERED,53463201415481,2
heartwood-mobile-pedestal-bf,9800572797241,REORDER,REORDERED,53463201808697,2
tucana-elite-training-nesting-tables,9728150241593,REORDER,REORDERED,53463202365753,2
bookcase-metal-2-size-options,9667812786489,REORDER,REORDERED,53463202660665,5
otg-panels,9665473052985,REORDER,REORDERED,53463203086649,5
willow-bariatric-chair,9685598110009,REORDER,REORDERED,53463203381561,2
bar-height-table,9666375647545,REORDER,REORDERED,53463203643705,2
desk-shells,9884899213625,REORDER,REORDERED,53463204135225,2
format-high-back-weight-sensing-synchro-tilter-mesh-seat-and-back-mvl3197-copy,9771381686585,REORDER,REORDERED,53463204430137,2
raven-high-back-heavy-duty-synchro-tilter-chair-otg10703b,9745595597113,REORDER,REORDERED,53463205019961,2
gaming-chair,9725748478265,REORDER,REORDERED,53463205282105,2
mobile-drawer-unit-with-locks-inv-mpuf,9716463075641,REORDER,REORDERED,53463205577017,2
jax-keyboard-tray,9666435449145,REORDER,REORDERED,53463206396217,2
nesting-training-table-8-colour-choices,9729271464249,REORDER,REORDERED,53463206625593,2
newland-bookcases-assembled,9782648176953,REORDER,REORDERED,53463206953273,2
factor-mesh-seating,9721985237305,REORDER,REORDERED,53463207412025,2
mvl3101-avro-mesh-back-synchro-tilter-chair,9766187139385,REORDER,REORDERED,53463207739705,2
table-desk-1,9782640640313,REORDER,REORDERED,53463208198457,2
format-high-back-synchro-tilter-with-adjustable-headrest-chair-mvl3192,9666760606009,REORDER,REORDERED,53463208460601,2
tower-charging-station-with-usb-ports-2-colour-options,9700992221497,REORDER,REORDERED,53463208689977,2
jax-sit-to-stand,9841866506553,REORDER,REORDERED,53463209083193,2
ultra-high-back-tilter-with-arms-mvl11730,9771600707897,REORDER,REORDERED,53463209443641,2
training-flip-top-tables-1,9686674637113,REORDER,REORDERED,53463209640249,2
brighton-high-back-tilter-mvl2787,9782584049977,REORDER,REORDERED,53463210066233,2
power-station-with-3-outlets-and-2-usb,9698778710329,REORDER,REORDERED,53463210426681,2
oci-platinum-monitor-arms,9689001951545,REORDER,REORDERED,53463210885433,2
marlee-midback-chair-bonded-leather-mvl11722,9816455512377,REORDER,REORDERED,53463211180345,2
adapt-high-back-synchro-tilter-mvl11724-mvl11725,9815337566521,REORDER,REORDERED,53463211540793,2
adapt-high-back-synchro-tilter-mvl11725,9771322507577,REORDER,REORDERED,53463211901241,2
craft-curve-120-degree-unit-2,9769344172345,REORDER,REORDERED,53463211999545,2
adapt-high-back-synchro-tilter-mvl11724,9769092022585,REORDER,REORDERED,53463212589369,2
sit-stand-adjustable-desk-riser-32-wide,9667819798841,REORDER,REORDERED,53463213244729,2
zim-synchro-tilter-chair-high-back-mesh-mesh-back-black,9039323201849,REORDER,REORDERED,53463213506873,2
foundations-safetycraft-compact-crib-natural-steel,9685409399097,REORDER,REORDERED,53463213867321,2
rebound-armchair-upholstered-seat-r5apug,9729492975929,REORDER,REORDERED,53463214326073,2
round-metal-base,9968003612985,REORDER,REORDERED,53463214850361,2
metal-square-metal-base,9874949079353,REORDER,REORDERED,53463215276345,2
metal-round-metal-base,9874945835321,REORDER,REORDERED,53463215472953,2
metal-cross-base-with-levelers,9874943738169,REORDER,REORDERED,53463219208505,2
square-table-x-base-3-sizes,9826729656633,REORDER,REORDERED,53463235559737,2
yoho-medium-back-task-chair-mvl2778,9778292195641,REORDER,REORDERED,53463254827321,2
pacific-high-back-tilter,9747446432057,REORDER,REORDERED,53463268458809,2
xplorer-51-gaming-chair,9725750247737,REORDER,REORDERED,53463272948025,2
duet-tablet-chair,9688164958521,REORDER,REORDERED,53463273275705,2
yoho-armless-drafting-task-chair-stool,9666387476793,REORDER,REORDERED,53463273537849,2
chair-black-steel-frame-3,9103181316409,REORDER,REORDERED,53463273832761,2
ibex-upholstered-seat-back-guest-chair-mvl2819-1,9782586507577,REORDER,REORDERED,53463274094905,2
basics-chevron-junior-operator-chair-mvl2363-7-1,9776146415929,REORDER,REORDERED,53463274651961,2
mvl11860-stradic-mesh-back-tilter,9712844013881,REORDER,REORDERED,53463274750265,2
bookcase-31-5-wide-x-13-75-deep,9698674803001,REORDER,REORDERED,53463274979641,2
aeramax-air-purifier-true-hepa-plasmatrue-1,9712563487033,REORDER,REORDERED,53463275143481,2
bar-stool-for-42-high-tables,9778177835321,REORDER,REORDERED,53463275405625,2
extended-high-back-tilter-otg11359-carleton,9766190809401,REORDER,REORDERED,53463275635001,2
half-round-40-unit,9769338798393,REORDER,REORDERED,53463275733305,2
coffee-table-chrome,9673690317113,REORDER,REORDERED,53463275995449,5
six-31-medium-back-multi-tilter-glbotg11631b,9666756935993,REORDER,REORDERED,53463276126521,2
sonic-bar-stools-for-42-high-tables,9778210931001,REORDER,REORDERED,53463276290361,2
ashmont-medium-back-guest-chair-mvl2782,9782581297465,REORDER,REORDERED,53463276454201,2
craft-rectangle-unit-1,9769341550905,REORDER,REORDERED,53463276585273,2
kody-mesh-chair-otg13110,9676166496569,REORDER,REORDERED,53463276814649,2
rollamat-for-carpet-carpeted-floor-53-x-45-3,9098336895289,REORDER,REORDERED,53463277273401,2
mvl11886-caman-high-back-tilter-bonded-leather,9816456495417,REORDER,REORDERED,53463277535545,2
cobalt-medium-back-tilter-mvl2785,9778281251129,REORDER,REORDERED,53463277895993,2
stream-armchair-polypropylene-seat-back-2075app-1,9693091201337,REORDER,REORDERED,53463277994297,2
mobile-folding-chair-storage-cart-3,9097354182969,REORDER,REORDERED,53463278190905,2
yoho-task-chairs,9776145465657,REORDER,REORDERED,53463278420281,2
folding-chair-plastic-4-pack,9690426671417,REORDER,REORDERED,53463278518585,2
end-table-chrome,9673683566905,REORDER,REORDERED,53463278911801,2
coffee-table-seating,9712078848313,REORDER,REORDERED,53463279305017,2
kaysee-high-back-tilter-otg12112b,9760219201849,REORDER,REORDERED,53463279632697,2
folding-table-8,9103179972921,REORDER,REORDERED,53463279862073,2
charging-station-with-a-clamp,9665682669881,REORDER,REORDERED,53463280255289,2
otg3915-centro-guest-chair,9766199361849,REORDER,REORDERED,53463280746809,2
otg13026-safari-medium-mesh-back-tilter-chair,9712926556473,REORDER,REORDERED,53463281107257,2
plexiglass-modesty-panels,9800589377849,REORDER,REORDERED,53463281795385,2
laminate-modesty-panels,9800598552889,REORDER,REORDERED,53463281991993,2
craft-wedge-unit,9769341485369,REORDER,REORDERED,53463282155833,2
craft-cube-square-unit,9712096084281,REORDER,REORDERED,53463282319673,2
clamp-on-power-bar-and-usb-charging-station,9665676181817,REORDER,REORDERED,53463283138873,2
file-buddy-swivel-stool-black-vinyl,9103460696377,REORDER,REORDERED,53463283335481,2
polycarbonate-chairmat-for-hard-floors-hard-floor-60x-46-1,9098369335609,REORDER,REORDERED,53463283597625,2
student-desk-1,9682497536313,REORDER,REORDERED,53463284220217,2
mvl2732-annapolis-high-back-luxhide-tilter,9816457904441,REORDER,REORDERED,53463284580665,2
trent-tilter-chair-high-back-bonded-leather-2717-4,9747450822969,REORDER,REORDERED,53463285006649,2
flap-folding-chair-6775-1,9693098705209,REORDER,REORDERED,53463285825849,2
privacy-desk-top-dividers,9693105062201,REORDER,REORDERED,53463285956921,2
kneeling-chair-kcm1420,9847222403385,REORDER,REORDERED,53463286513977,2
amigo-mesh-chair-otg10900blk,9766192775481,REORDER,REORDERED,53463286743353,2
stacking-chair-duet-glb6621,9667770679609,REORDER,REORDERED,53463286972729,2
otg-mobile-foot-kit-pack-of-2,9665643315513,REORDER,REORDERED,53463287300409,2
kylie-multi-purpose-stacking-chair-cadet-otg11355c,9782665183545,REORDER,REORDERED,53463287890233,2
minto-low-back-stacking-armchair-mvl2747,9782575333689,REORDER,REORDERED,53463288185145,2
desk-power-grommet,9723863007545,REORDER,REORDERED,53463288709433,2
sphere-power,9723869462841,REORDER,REORDERED,53463289004345,2
power-plant-500222pp90-daisychaining,9842388468025,REORDER,REORDERED,53463289594169,2
fellowes-lotus-dual-monitor-arm-kit-2-display-s-supported27-arm-only-fel8042901,9712537927993,REORDER,REORDERED,53463290282297,2
led-desk-lamp-with-wireless-charger-led,9723830337849,REORDER,REORDERED,53463290544441,2
hardware-for-ceiling-tiles,9832764408121,REORDER,REORDERED,53463291461945,2
anti-fatigue-wellness-mat-36-x-24-5,9103326871865,REORDER,REORDERED,53463291953465,2
