handle,title,id,url,template_suffix
keilhauer,Keilhauer,526866645305,https://brantbusinessinteriors.com/collections/keilhauer,base
global-teknion,Global / Teknion,526866678073,https://brantbusinessinteriors.com/collections/global-teknion,base
ergocentric,ergoCentric,526866710841,https://brantbusinessinteriors.com/collections/ergocentric,base
global-furniture,Global Furniture Group,526866743609,https://brantbusinessinteriors.com/collections/global-furniture,base
executive-seating,Executive Seating,526866776377,https://brantbusinessinteriors.com/collections/executive-seating,base
conference-seating,Conference Seating,526866809145,https://brantbusinessinteriors.com/collections/conference-seating,base
bench-seating,Bench Seating,526866841913,https://brantbusinessinteriors.com/collections/bench-seating,base
healthcare-seating,Healthcare Seating,526866874681,https://brantbusinessinteriors.com/collections/healthcare-seating,base
active-seating,Active Seating,526866907449,https://brantbusinessinteriors.com/collections/active-seating,base
beam-seating,Beam Seating,526866940217,https://brantbusinessinteriors.com/collections/beam-seating,base
modular-workstations,Modular Workstations,526866972985,https://brantbusinessinteriors.com/collections/modular-workstations,base
executive-desks,Executive Desks,526867005753,https://brantbusinessinteriors.com/collections/executive-desks,base
training-desks,Training Room Desks,526867038521,https://brantbusinessinteriors.com/collections/training-desks,base
desk-accessories,Desk Accessories,526867071289,https://brantbusinessinteriors.com/collections/desk-accessories,base
mailboxes,Mailboxes & Sorters,526867104057,https://brantbusinessinteriors.com/collections/mailboxes,base
media-storage,Media & AV Storage,526867136825,https://brantbusinessinteriors.com/collections/media-storage,base
mobile-storage,Mobile Storage Carts,526867169593,https://brantbusinessinteriors.com/collections/mobile-storage,base
wall-storage,Wall-Mounted Storage,526867235129,https://brantbusinessinteriors.com/collections/wall-storage,base
personal-storage,Personal Storage,526867267897,https://brantbusinessinteriors.com/collections/personal-storage,base
high-density-storage,High-Density Storage,526867300665,https://brantbusinessinteriors.com/collections/high-density-storage,base
desktop-accessories,Desktop Accessories,526867333433,https://brantbusinessinteriors.com/collections/desktop-accessories,base
waste-recycling,Waste & Recycling,526867366201,https://brantbusinessinteriors.com/collections/waste-recycling,base
boardroom-seating,Boardroom Seating,526867398969,https://brantbusinessinteriors.com/collections/boardroom-seating,base
boardroom-storage,Boardroom Storage,526867431737,https://brantbusinessinteriors.com/collections/boardroom-storage,base
ergonomic-accessories,Ergonomic Accessories,526867464505,https://brantbusinessinteriors.com/collections/ergonomic-accessories,base
acoustic-panels,Acoustic Panels,526867497273,https://brantbusinessinteriors.com/collections/acoustic-panels,base
privacy-screens,Privacy Screens,526867530041,https://brantbusinessinteriors.com/collections/privacy-screens,base
acoustic-pods,Acoustic Pods,526867562809,https://brantbusinessinteriors.com/collections/acoustic-pods,base
focus-rooms,Focus Room Furniture,526867595577,https://brantbusinessinteriors.com/collections/focus-rooms,base
cafe-tables,Café & Bistro Tables,526867628345,https://brantbusinessinteriors.com/collections/cafe-tables,base
multipurpose-tables,Multi-Purpose Tables,526867661113,https://brantbusinessinteriors.com/collections/multipurpose-tables,base
standing-tables,Standing & High Tables,526867693881,https://brantbusinessinteriors.com/collections/standing-tables,base
side-tables,Side & Occasional Tables,526867726649,https://brantbusinessinteriors.com/collections/side-tables,base
outdoor-tables,Outdoor Tables,526867759417,https://brantbusinessinteriors.com/collections/outdoor-tables,base
nesting-tables,Nesting & Folding Tables,526867792185,https://brantbusinessinteriors.com/collections/nesting-tables,base
collaborative-tables,Collaborative Tables,526867824953,https://brantbusinessinteriors.com/collections/collaborative-tables,base
