handle,title
zim-synchro-tilter-chair-high-back-mesh-mesh-back-black,Zim Synchro-Tilter Chair High Back Mesh Mesh Back
desk-u-shape-mlp205-1,Desk U-Shape
honor-roll-dsq-1824-pb-table-desk-square-leg-base-4-legs-x-24-table-top-width-x-18-table-top-depth-5-each,"Honor Roll -DSQ-1824-PB Table Desk - Square Leg Base - 4 Legs x 24"" Table Top Width x 18"" Table Top Depth 5 EACH"
mobile-folding-chair-storage-cart-3,Mobile Folding Chair Storage Cart
large-fire-water-safe-13-x-16-x-19-black-2,"Large Fire/Water Safe 13"" x 16"" x 19"" - Black"
rollamat-for-carpet-carpeted-floor-53-x-45-3,"RollaMat for Carpet - Carpeted Floor 53""  x 45"""
desk-2-drawer-48-x-24-x-29-1,"Desk - 2-Drawer - 48"" x 24"" x 29"""
polycarbonate-chairmat-for-hard-floors-hard-floor-60x-46-1,"Polycarbonate Chairmat for Hard Floors - Hard Floor 60""x 46"""
reception-desk-84-x-84-1,"Reception Desk - 84"" x 84"""
door-32-x-32-1,"Door - 32"" x 32"""
bookcase-1-shelf-32-wide-x-72-high,"Bookcase - 1"" Shelf 32"" Wide x 72"" High"
carpeted-floor-60x-46,"Carpeted Floor - 60""x 46"""
carpeted-floor-48-x-36-6,"Carpeted Floor - 48"" x 36"""
carpeted-floor-48-x-60,"Carpeted Floor - 48"" x 60"""
carpeted-floor-48-x-60-1,"Carpeted Floor - 48"" x 60"""
l-shaped-medium-pile-chair-mat-with-lip-66-x-60-2,"L-Shaped Medium Pile Chair Mat With Lip  66"" x 60"""
electronic-lock-business-safes,Electronic Lock Business Safes
folding-table-24-x-48-1,"Folding Table  24""  x 48"""
hdl-5-resin-folding-table-granite-rectangle-dove-white-pebble-top-powder-coated-base-60-table-top-length-x-30-table-top-width-29-height-1,"HDL 5' Resin Folding Table - Granite Rectangle, Dove White Pebble Top - Powder Coated Base - 60"" Table Top Length x 30"" Table Top Width - 29"" Height"
folding-table-30x-72,"Folding Table 30""x 72"""
folding-table-60-x-30-1,"Folding Table 60"" x 30"""
folding-table-30-x-96-1,"Folding Table  30""  x 96"""
folding-table-8,Folding Table
folding-table-60-4,Folding Chair
safe-digital-fire-water-file,Safe Digital Fire/Water File
safe-small-security-safe-with-electronic-lock-8-7-x-13-8-x-10-6-3,"Safe Small Security Safe with Electronic Lock  8.7"" x 13.8"" x 10.6"""
offices-to-go-chair-2,Offices To Go Chair
chair-black-steel-frame-3,Chair - Black Steel Frame
innovations-suite,Innovations Suite
plexiglass-hanging-modesty-panel-48-width-x-15-height-2,"Plexiglass Hanging Modesty Panel - 48"" Width x 15"" Height"
coat-tree-hook-stand-1,Coat Tree Hook Stand
dolly-7,Dolly
floor-chairmat-carpet-hard-floor-60-x-46,"Floor Chairmat Carpet, Hard Floor 60""  x 46"""
boat-shaped-conference-table-96-x-36-x-29,"Boat Shaped Conference Table - 96"" x 36"" x 29"""
security-safe-fire-resistant-50-5-x-26-5-1,"Security Safe  Fire Resistant 50.5"" x 26.5"""
security-safe-39-x-26-5-x-26-5-1,"Security Safe  39"" x 26.5"" x 26.5"""
gardex-security-safe-fire-resistant-size-29-x-21-5-x-21-5-beige,"Gardex  Security Safe- Fire Resistant -Size 29"" x 21.5"" x 21.5"" - Beige"
gardex-security-safe-fire-resistant-24-x-18-5-x-18-5,"Gardex  Security Safe - Fire Resistant -  24"" x 18.5"" x 18.5"""
sentry-safe-security-safe-with-electronic-lock-4,Sentry Safe Security Safe with Electronic Lock
round-table-x-base-5,Round Table - X-Base
chair-dolly-duet-chairs,Chair Dolly (Duet Chairs)
craft-wedge-overtable-chrome-leg-1,Craft Wedge Overtable Chrome Leg
standing-desk-for-corner-desk-5,Standing Desk for Corner Desk
flip-top-table-48-x-24,"Flip-Top Table - 48"" x 24"""
workstation-96-x-50-x-29-4-person-station,"Workstation - 96"" x 50"" x 29"" (4 Person Station)"
zira-conference-table-9-sizes,Zira Conference Table - 9 Sizes
offices-to-go-ionic-table-36-x-36-x-29-material-metal-base-finish-absolute-acajou-black-base-sandtex-1,"Offices To Go Ionic Table - 36"" x 36"" x 29"" - Material: Metal Base - Finish: Absolute Acajou, Black Base, Sandtex"
file-buddy-swivel-stool-black-vinyl,File Buddy Swivel Stool Black Vinyl
electric-height-adjustable-standing-desk-workstation-4,Electric Height Adjustable Standing Desk Workstation
electric-dual-monitor-height-adjustable-standing-desk-workstation-dc450,Electric Dual Monitor Height Adjustable Standing Desk Workstation DC450
desktop-riser-black-2,Desktop Riser Black
tables-dolly-7,Tables Dolly
table-29-x-28-3,"Table - 29"" x 28"""
tables-dolly-8,Tables Dolly
table-29-x-28-4,"Table - 29"" x 28"""
table-29-x-28-5,"Table - 29"" x 28"""
table-18x28,"Table - 18""x28"""
coffee-table-33-x-33-15-height-2,"Coffee Table  33"" x 33"" 15"" Height"
end-table-29-x-29-x-16,"End Table - 29"" x 29"" x 16"""
desk-double-pedestal,Desk Double Pedestal
desk-single-pedestal,Desk Single Pedestal
desk-single-pedestal-1,NEWLAND | DOUBLE PEDESTAL DESK
desk-l-shape-with-drawers,Desk L-Shape with Drawers
table-desk-13-colour-options,Table Desk 13 Colour options
management-l-shaped-suite-66w-x-72d,"MANAGEMENT ""L"" SHAPED SUITE - 66""W X 72""D"
indoor-planter,Indoor Planter
high-back-weight-sensing-synchro-tilter,High Back Weight Sensing Synchro-Tilter
global-accord-back-knee-tilter-chair-1,Global Accord   Back Knee Tilter Chair
high-back-tilter-with-arms,High Back Tilter with Arms
altona-high-back-leather-tilter,Altona | High Back Leather Tilter
tl-high-back-multi-tilter,TL | High Back Multi-Tilter
height-adjustable-l-shape-71x71,"Height Adjustable L-Shape 71""x71"""
dual-sided-height-adjustable-table,Dual Sided Height Adjustable Table
otg-panels,OTG Panels
ionic-feet-1-pair,Ionic Feet (1 Pair)
otg-mobile-foot-kit-pack-of-2,OTG | Mobile Foot Kit - Pack of 2
clamp-on-power-bar-and-usb-charging-station,Clamp-On Power Bar and USB Charging Station
charging-station-with-a-clamp,Charging station with a clamp
vesta-power-tower,Vesta Power Tower
bar-height-table,Bar Height Table
danio-armless-height-adjustable-task-stool,Danio | Armless Height Adjustable Task Stool
yoho-armless-drafting-task-chair-stool,Yoho | Armless Drafting Task Chair Stool
ibex-mesh-back-drafting-stool-task-chair-with-arms,Ibex Mesh Back Drafting Stool Task Chair with Arms
ibex-mesh-seat-back-drafting-chair-stool-1,Ibex | Mesh Seat & Back Drafting Chair Stool
dual-monitor-arm,Dual Monitor Arm
triple-monitor-arm,Triple Monitor Arm
keyboard-tray-multi-position,Keyboard Tray Multi Position
keyboard-tray-multi-adjustable,Keyboard Tray Multi Adjustable
jax-keyboard-tray,JAX Keyboard Tray
easy-pull-in-out-keyboard-tray,Easy Pull in & Out Keyboard Tray
concorde-high-back-executive-multi-tilter-2424,Concorde® High Back Executive Multi-Tilter 2424
granada-deluxe-high-back-multi-tilter-1170-3-2,Granada® Deluxe High Back Multi-Tilter (1170-3)
global-obusforme-elite-multi-tilter-chair-high-back,Global OBUSforme Elite Multi-Tilter Chair High Back
obusforme-elite-multi-tilter-chair-medium-back,OBUSforme Elite Multi-Tilter Medium Back Chair
basics-ergo-boss-executie-back-multi-tilter-chairs-bao28703,Basics® Ergo Boss™ Executie Back Multi-Tilter Chairs BAO28703
echo-3670-3-task-chair,Echo 3670-3 Task Chair
echo-medium-back-multi-tilter-3671-3-1,Echo™ Medium Back Multi-Tilter (3671-3)
loover-high-back-synchro-tilter,Loover High Back Synchro Tilter
loover-medium-back-synchro-tilter-chair,Loover Medium Back Synchro Tilter Chair
elora-multi-tilter-high-back-chair-black-baomvl1893,ELORA Multi-Tilter High Back Chair Black BAOMVL1893
six-13-medium-back-multi-tilter,Six 13 | Medium Back Multi-Tilter
lumi-high-back-synchro-tilter-chair,Lumi | High Back Synchro-Tilter Chair
stacking-chair-duet-glb6621,Stacking Chair Duet GLB6621
stacking-chair-popcorn-6711,Stacking Chair Popcorn 6711
stacking-chair-sonic-6508,Stacking Chair Sonic 6508
stacking-chair-sas-10-plus-colours,Stacking Chair SAS (10 Plus Colours)
guest-chair-6960-moda,Guest Chair 6960 Moda
bookcase-metal-2-size-options,Bookcase Metal 2 Size options
sit-stand-adjustable-desk-riser-32-wide,"Sit Stand Adjustable Desk Riser 32"" Wide"
sit-stand-fellowes-lotus-dual-arm-not-included,Sit Stand Fellowes Lotus (Dual Arm not included)
gas-lift-monitor-riser,Gas Lift Monitor Riser
lotus-dx-sit-stand-workstation-dual-monitor-arm-extra,Lotus DX Sit-Stand Workstation (Dual Monitor Arm Extra)
teknion-glass-walls,Teknion Glass Walls
soft-pods,Soft Pods
reception-unit-72x72,"L shape Reception Unit 72""x72"" 15B"
end-table-chrome,End Table Chrome
coffee-table-chrome,Coffee Table Chrome
round-table-glass-top,Round Table Glass Top
round-table-glass-top-1,Round Table Glass Top
coffee-table,Coffee Table
end-table-glass-top,End Table Glass Top
freefit-benching-height-adjustable-176w-x-62-5d-ffhab506-2,"FreeFit™ Benching Height Adjustable 176""W x 62.5""D (FFHAB506)"
upscale-meeting-boardroom-tables-3-sizes-8-colours,"Upscale Meeting / Boardroom Tables 3 Sizes, 8 Colours"
kody-mesh-chair-otg13110,Kody Mesh Chair OTG13110
otgma2-dual-monitor-arm,OTGMA2 Dual Monitor Arm
wind-lounge-seating,Wind Lounge Seating
ml-series-lounge-chair,ML Series Lounge Chair
ml-bar-stool,ML Bar Stool
planters,Planters
banquet-chair-stacking,Banquet Chair Stacking
recycled-plastic-picnic-tables,Recycled Plastic Picnic Tables
round-table-29-high,"Round Table 29"" High"
boulevard-system-3,Boulevard System 3
diet,Diet
teknion-zones,Teknion Zones
table-round-height-adjustable,Table Round Height Adjustable
horseshoe-study-table-height-adjustable-c-shape-horseshoe-1,Horseshoe Study Table Height Adjustable C-Shape Horseshoe
pod-phone-booths,POD Phone Booths
ultima-adjustable-stool,Ultima Adjustable Stool
metal-desk-laminate-top,Metal Desk Laminate Top
sonoma,Sonoma
ryno-patio-furniture-waterproof-polyethylene,Ryno Patio Furniture Waterproof Polyethylene
sidero-1,SIDERO
ibex-upholstered-seat-mesh-back-tilter-chair-mvl2801,IBEX Upholstered Seat & Mesh Back Tilter Chair MVL2804
sit2stand-series-sit-stand-workstation,Sit2Stand Series Sit-Stand Workstation
agile-double-sided-8-pod-height-adjustable-shared-desk,Agile Double Sided 8-Pod Height Adjustable Shared Desk
screenflex-5-panel-mobile-light-duty-portable-room-divider-65h-x-95w-fabric-color-stone,"Screenflex 5 Panel Mobile Light-Duty Portable Room Divider, 6'5""H x 9'5""W, Fabric Color: Stone"
zira-workstation-3-person,Zira Workstation 3 Person
bow-front-desk-72x42,"Bow Front Desk 72""X42"""
soho-desk-single-pedestal-2-sizes,SOHO Desk Single Pedestal 2 sizes
oci-platinum-monitor-arms,OCI Platinum Monitor Arms
folding-table-36-bt36-resin,"Folding Table 36"" BT36 Resin"
lockers-single-tier-assembled,Lockers Single Tier (Assembled)
lockers-2-tier-assembled,Lockers 2 Tier (Assembled)
lockerettes-6-tier-bank-of-3-36-x-18-x-72-steel-grey-rivet-assembled,"Lockerettes, 6 -tier, Bank of 3, 36"" x 18"" x 72"", Steel, Grey, Rivet (Assembled)"
beta-armless-posture-task-drafting-stool-mvl2718,Beta | Armless Posture Task Drafting Stool MVL2718
credenza-60x20,"Credenza 60""x20"""
lectern-podium,Lectern Podium
lectern-storage-stand,Lectern Storage Stand
drafting-table,Drafting Table
drafting-table-safco-vista-drawing-table,Drafting Table Safco Vista Drawing Table
drafting-table-precision-table-2-sizes,Drafting Table Precision Table  2 Sizes
scoot-multi-purpose-lectern-8922bl-1,Scoot™ Multi-Purpose Lectern 8922BL
impromptu-lectern-1,Impromptu® Lectern
drafting-table-custom,Drafting Table Custom
felt-sound-dampeners,Felt Sound Dampeners
stream-armchair-polypropylene-seat-back-2075app-1,"Stream™ Armchair, Polypropylene Seat & Back (2075APP)"
stream-armless-chair-polypropylene-seat-back-2075app,"Stream™ Armless Chair, Polypropylene Seat & Back 2075APP"
rebound-armchair-polypropylene-seat-1,"Rebound™ Armchair, Polypropylene Seat"
flap-folding-chair-6775-1,Flap™ Folding Chair (6775)
privacy-desk-top-dividers,Privacy Desk Top Dividers
desk-top-dividers,Desk Top Dividers
desk-top-divider-divide,Desk Top Divider DIVIDE
bookcase-31-5-wide-x-13-75-deep,"Bookcase 32"" Wide x 14"" Deep"
bookcase,Bookcase
power-station-with-3-outlets-and-2-usb,Power Station with 3 Outlets and 2 USB
canopy-seating,Canopy Seating
tower-charging-station-with-usb-ports-2-colour-options,Tower Charging Station with USB ports. 2 Colour options.
drift-seating,Drift Seating
untethered-go-further-go-anywhere-by-teknion,"Untethered: go further, go anywhere by: Teknion"
ranger-steel-4-post-table-42-w-x-30-d,Ranger Steel 4-Post Table 42”W x 30”D
ranger-steel-4-post-table-42-w-x-30-d-with-drawer-safco,Ranger Steel 4-Post Table 42”W x 30”D with Drawer SAFCO
full-time-chair-mvl2900,Full Time Chair MVL2900
regalia-task-mesh-chair-otg10892,Regalia Task Mesh Chair OTG10892
bolt-mesh-back-tilter-otg11510b,Bolt | Mesh Back Tilter OTG11510B
otg10740-masi-high-back-tilter,OTG10740 Masi | High Back Tilter
sit-stand-1,Sit Stand
safco-2130sl-desk-mount-for-monitor-keyboard,"Safco 2130SL Desk Mount for Monitor, Keyboard"
coffee-table-seating,Coffee Table & Seating
craft-cube-square-unit,Craft Cube | Square Unit
fellowes-lotus-dual-monitor-arm-kit-2-display-s-supported27-arm-only-fel8042901,"Fellowes Lotus™ Dual Monitor Arm Kit - 2 Display(s) Supported27"" (Arm only) FEL8042901"
fellowes-array-ceiling-ac2-air-purifier,Fellowes Array® Ceiling AC2 Air Purifier
fellowes-array-recess-ar-air-purifier-1,Fellowes Array™ Recess AR Air Purifier
fellowes-array-wall-stand-air-purification,Fellowes Array Wall & Stand Air Purification
mvl11860-stradic-mesh-back-tilter,MVL11860 Stradic | Mesh Back Tilter
atlas-sit-to-stand-height-adjustable-desk,Atlas Sit to Stand Height Adjustable Desk
mobile-drawer-unit-with-locks-inv-mpuf,Mobile Drawer Unit with Locks INV-MPUF
factor-mesh-back-armchair-casters-5545amc-1,"Factor™ Mesh Back Armchair, Casters (5545AMC)"
u-shape-d-top-workstation,U-Shape D-Top Workstation
factor-mesh-seating,Factor Mesh Seating
factor-mesh-seating-stool,Factor Mesh Seating Stool
storage-cabinet-credenza-72w-x-24d,"Storage Cabinet Credenza, 72""W x 24""D"
credenza-sliding-doors,Credenza Sliding Doors
wardrobe-with-lock,Wardrobe with Lock
storage-wardrobe-unit,Storage Wardrobe Unit
storage-right-ff-sc-left-wardrobe,STORAGE / RIGHT FF & SC / LEFT WARDROBE
desk-lamp-5-30-w-led-bulb-adjustable-metal-acrylic-desk-mountable,"Desk Lamp - 5.30 W LED Bulb - Adjustable - Metal, Acrylic - Desk Mountable"
led-desk-lamp-with-wireless-charger-led,LED Desk Lamp with Wireless Charger - LED
led-desk-lamp-with-usb-and-night-light,LED Desk Lamp with USB and Night Light
desk-power-grommet,Desk Power Grommet
sphere-power,SPHERE Power
taper-leg-table,Taper Leg Table
workway-planters,WORKWAY Planters
gaming-chair,Gaming Chair
xplorer-51-gaming-chair,XPlorer 51 Gaming Chair
anda-seat-phantom-king-gaming-style-office-chair,Anda Seat Phantom King Gaming Style Office Chair
u-shaped-suite-with-table-desk-72w-x-96d,"""U"" Shaped Suite with Table Desk - 72""W x 96""D"
u-shaped-suite-with-rectangular-island,"""U"" SHAPED SUITE WITH RECTANGULAR ISLAND NLP324"
management-u-shaped-suite-72w-x-102d,"Management ""U"" Shaped Suite - 72""W x 102""D"
single-pedestal-desk-60w-x-30d,"Single Pedestal Desk - 60""W x 30""D"
u-shaped-desk-72w-x-96d,"""U"" Shaped Desk - 72""W x 96""D"
l-shaped-desk-with-double-pedestals-72w-x-78d,"""L"" Shaped Desk with Double Pedestals - 72""W x 78""D"
l-shaped-desk-with-single-pedestal-60w-x-72d,"""L"" Shaped Desk with Single Pedestal - 60""W x 72""D"
u-shaped-desk-with-3-stage-height-adjustable-table,"""U"" Shaped Desk with 3-Stage Height Adjustable Table"
management-u-shaped-suite-with-3-stage-height-adjustable-table,"Management ""U"" Shaped Suite with 3-Stage Height Adjustable Table"
executive-suites-height-adjustable-desk,Executive Suites Height Adjustable Desk
2-drawer-legal-width-vertical-file,2 Drawer Legal Width Vertical File
4-drawer-legal-width-vertical-file,4 Drawer Legal Width Vertical File
pedestal-file-file-with-or-without-wheels,Pedestal - File/File (With or without wheels)
tucana-elite-training-nesting-tables,Tucana Elite Training Nesting Tables
marche-guest-chair,Marche Guest Chair
marche-guest-chair-copy,Marche Guest Chair
marche-guest-chair-8622,Marche Guest Chair 8622
the-erin-armless-chair-wood-legs-gc36530,"The Erin Armless Chair, Wood Legs (GC36530)"
the-twilight-armchair-wood-veneer-back-2198ws,"The Twilight Armchair, Wood Veneer Back (2198WS)"
kate-medium-back-armchair-2813,Kate Medium Back Armchair (2813)
rebound-armchair-upholstered-seat-r5apug,"Rebound™ Armchair, Upholstered Seat (R5APUG)"
dual-coloured-bookcase-15-sizes-available,Dual Coloured Bookcase (15 Sizes Available)
prime-multi-storage-cabinet-lateral-file,Prime Multi-Storage Cabinet / Lateral File
prime-49-6h-two-file-multi-stor-cabinet-36w-x-18d-one-adjustable-shelf-gucc41g1836p,"Prime™ 49.6""H Two File Multi-Stor Cabinet, 36""W x 18""D - One Adjustable Shelf (GUCC41G1836P)"
hideaway-storage-cabinet-1,Hideaway Storage Cabinet
two-stage-electric-height-adjustable-table,Two-Stage Electric Height Adjustable Table
delivery-charge-85-00,Delivery Charge $85.00
installation475,Installation475
pacific-high-back-tilter,Pacific High Back Tilter MVL11870
basics-comfort-time-ultra-multi-tilter-chair-with-headrest,Basics Comfort-Time Ultra Multi-Tilter Chair with Headrest
comfort-time-ultra-petit-seat-multi-tilter-chair-high-back-baomvl1880g5,Comfort-Time Ultra Petit Seat Multi-Tilter Chair High Back BAOMVL1880G5
trent-tilter-chair-high-back-bonded-leather-2717-4,Trent Tilter Chair High Back Bonded Leather 2717-4
zune-tilter-chair-black-fabric-seat-plastic-mesh-back-medium-back-otg11751b,"Zune Tilter Chair - Black Fabric Seat - Plastic, Mesh Back - Medium Back OTG11751B"
sparrow-otg10920-guest-chair,Sparrow OTG10920 Guest Chair
levels-suite,Levels Suite
the-corby-collection,The Corby Collection
teknion-chronicle,Teknion Chronicle
teknion-expansion,Teknion Expansion
teknion-byward,"Teknion ""Byward"""
teknion-ac-executive,"Teknion ""AC Executive"""
teknion-ac-boardroom,"Teknion ""AC Boardroom"""
teknion-lounge,"Teknion ""Lounge"""
teknion-boardroom,"Teknion ""Boardroom"""
teknion-seating,Teknion Seating
partitions-66-high,"Partitions 66"" High"
partitions-66-high-2-offices-1,"Partitions 66"" High 2 Offices"
partitions-66-high-3-offices-1,"Partitions 66"" High 3 Offices"
partitions-66-high-6-offices,"Partitions 66"" High 6 Offices"
credenza-storage-hutch,Credenza Storage & Hutch
basics-elora-chair-high-back-black-leather-luxhide-mvl1893upu30bl20,"Basics Elora Chair - High Back - Black - Leather, Luxhide MVL1893UPU30BL20"
planter,Planter
shoptech-097-pc1000,Shoptech 097–PC1000
shoptech-099rx,Shoptech 099RX
shoptech-2300-pc775,Shoptech 2300–PC775
shoptech-2302-pc775,Shoptech 2302–PC775
shoptech-2410,Shoptech 2410
shoptech-082,Shoptech 082
shoptech-2500-pc550,Shoptech 2500–PC550
shoptech-081,Shoptech 081
desk-shell-5-sizes,Desk Shell (5 Sizes)
screenflex-room-dividers,Screenflex Room Dividers
credenza-lflf-1,Credenza LFLF
credenza-lfmsu,Credenza LFMSU
wardrobe,Wardrobe
premium-plinth-cylinder-table-recessed-base-2,"Premium Plinth Cylinder Table, Recessed Base"
mvl3101-avro-mesh-back-synchro-tilter-chair,MVL3101 Avro Mesh Back Synchro-Tilter Chair
extended-high-back-tilter-otg11359-carleton,Extended High Back Tilter OTG11359 Carleton
amigo-mesh-chair-otg10900blk,Amigo Mesh Chair OTG10900BLK
otg3915-centro-guest-chair,OTG3915 Centro Guest Chair
hardfloor-casters,Hardfloor Casters
ergo-boss-multi-tilter-chair-2,Ergo Boss™ Multi-Tilter Chair
basics-comfort-time-ultra-multi-tilter-big-tall-with-headrest,Basics® Comfort-Time™ Ultra Multi-Tilter Big & Tall with Headrest
basics-comfort-time-ultra-multi-tilter-big-tall-chair,Basics® Comfort-Time™ Ultra Multi-Tilter Big & Tall Chair
adapt-high-back-synchro-tilter-mvl11724,Adapt | High Back Synchro-Tilter MVL11724
trapezoid-tables-3-sizes,Trapezoid Tables (3 Sizes)
half-round-40-unit,"Half Round 40"" Unit"
craft-wedge-unit,Craft | Wedge Unit
craft-rectangle-unit-1,Craft | Rectangle Unit
craft-round-20-unit,"Craft | Round 20"" Unit"
craft-curve-120-degree-unit-2,Craft | Curve-120 Degree Unit
rambler-ottoman-8-shape-size-options,Rambler Ottoman (8 Shape & Size)
please-select-a-finish,Please select a Finish
basics-elora-home-office-synchro-tilter-chair-1,Basics® Elora™ Home Office Synchro Tilter Chair
chevron-ultra-medium-back-multi-tilter-chair,Chevron Ultra Medium Back Multi-Tilter Chair
tl-high-back-synchro-tilter,TL | High Back Synchro-Tilter
ibex-synchro-tilter-chairs-mvl2801,Ibex Synchro-Tilter Chairs MVL2801
adapt-high-back-synchro-tilter-mvl11725,Adapt | High Back Synchro-Tilter MVL11725
format-high-back-weight-sensing-synchro-tilter-mesh-seat-and-back-mvl3197-copy,"Format+ | High Back Weight Sensing Synchro-Tilter, Mesh Seat and Back"
knight-lightweight-tilter-chair-otg11360,Knight Lightweight Tilter Chair OTG11360
basics-preto-swivel-tilt-chair-1,Basics® Preto Swivel Tilt Chair
the-accord-tilter-high-back-chair-1,The Accord Tilter High Back Chair
offices-to-go-ashmont-tilter-chair-1,Offices to Go® Ashmont Tilter Chair
ashmont-medium-back-management-tilter-mvl2781,Ashmont | Medium Back Management Tilter MVL2781
ultra-armless-high-back-tilter-mvl11732,Ultra | Armless High Back Tilter MVL11732
basics-obusforme-elite-heavy-duty-multi-tilter-chair-ts2770-3-1,Basics® ObusForme® Elite Heavy Duty Multi-Tilter Chair TS2770-3
avro-350m-heavy-duty-multi-tilter-chairs-mvl11716,Avro 350M Heavy Duty Multi-Tilter Chairs MVL11716
marlee-synchro-tilter-chairs,Marlee Synchro-Tilter Chairs
yoho-task-chairs,Yoho Task Chairs
basics-chevron-junior-operator-chair-mvl2363-7-1,Basics® Chevron Junior Operator Chair MVL2363-7
ibex-drafting-task-stool-mvl2808,Ibex Drafting Task Stool MVL2808
basics-comfort-time-drafting-stool-with-or-without-arms-1,Basics® Comfort-Time™ Drafting Stool (with or without arms)
jumbo-storage-cabinet-assembled-72-h-x48w-x-24-d,"Jumbo Storage Cabinet Assembled 72"" H x48""W x 24"" D"
deep-hi-boy-storage-cabinet-72-h-x-36-w-x-24-d,"Deep Hi-Boy Storage Cabinet 72"" H x 36"" W x 24"" D"
bar-stool-for-42-high-tables,"Bar Stool for 42"" High Tables"
sonic-bar-stools-for-42-high-tables,"Sonic Bar Stools for 42"" High Tables"
cobalt-medium-back-tilter-mvl2785,Cobalt | Medium Back Tilter MVL2785
yoho-medium-back-task-chair-mvl2778,Yoho | Medium Back Task Chair MVL2778
momentum-series-combos-keyboard-arm-premium-quality,Momentum Series Combos Keyboard Arm (Premium Quality)
delivery-charge-175-00,Delivery Charge 175.00
gardex-fireproof-lateral-file-2-3-4-drawer,"Gardex Fireproof Lateral File ( 2, 3 & 4 Drawer)"
vertical-fireproof-cabinets-2-3-4-drawer,"Vertical Fireproof Cabinets (2, 3 & 4 Drawer)"
fireking-storage-cabinet-72-high,"FireKing Storage Cabinet 72"" High"
fireking-storage-cabinet-44-high,"FireKing Storage Cabinet 44"" High"
standard-lateral-files-2-3-4-5-drawers,"Standard Lateral Files (2,3,4 & 5 Drawers)"
institutional-series-lateral-file-cabinet-2-3-4-5-drawer,"Institutional Series Lateral File Cabinet (2,3,4 & 5 Drawer)"
minto-low-back-stacking-armchair-mvl2747,Minto | Low Back Stacking Armchair MVL2747
ibex-upholstered-seat-back-guest-chair-mvl2819-1,Ibex | Upholstered Seat &  Back Guest Chair MVL2819
two-drawer-lateral-file-nl3624lft,Two Drawer Lateral File NL3624LFT
height-adjustable-rectangular-table-2-legs-nl48243qht,Height Adjustable Rectangular Table - 2 legs
newland-bookcases-assembled,Newland Bookcases (Assembled)
single-pedestal-desk-nlp232,Single Pedestal Desk NLP232
kylie-multi-purpose-stacking-chair-cadet-otg11355c,Kylie | Multi-Purpose Stacking Chair - Cadet OTG11355C
quick-assembly-electric-height-adjustable-base-2-legs,Quick Assembly Electric Height Adjustable Base - 2 legs
innovations-l-shape-desk-with-hutch,INNOVATIONS L-Shape Desk with Hutch
makerspace-tables,Makerspace Tables
triple-monitor-and-ipad-holder,Triple Monitor and Ipad Holder
ranger-table,Ranger Table
credenza-with-sliding-doors-36-high,"Credenza with Sliding doors 36"" High"
bookcase-with-closed-lower-storage,Bookcase with Closed Lower Storage
mobile-pedestal-digital-lock,Mobile Pedestal & Digital Lock
lateral-file-wood-laminate-2-3-4-drawer-options,"Lateral File Wood Laminate (2, 3 & 4 Drawer options)"
modern-grigio-reception-desk,Modern Grigio Reception Desk
nutmeg-reception,Nutmeg Reception
supra-x-chair-1,Supra X™ Chair
manual-height-adjustable-table,Manual Height Adjustable Table
hutch-5-sizes,Hutch 5 Sizes
heartwood-mobile-pedestal-bf,Heartwood Mobile Pedestal BF
plexiglass-modesty-panels,Plexiglass Modesty Panels
laminate-modesty-panels,Laminate Modesty Panels
levels-l-shape,Levels L-Shape
adapt-high-back-synchro-tilter-mvl11724-mvl11725,Adapt | High Back Synchro-Tilter MVL11724 MVL11725
elora-multi-tilter-high-back-chair-black-petite-seat-baomvl1894,ELORA Multi-Tilter High Back Chair Black PETITE SEAT BAOMVL1894
extended-high-back-wide-deep-seat-multi-tilt-bao27513,Extended High Back Wide & Deep Seat Multi Tilt BAO27513
marlee-midback-chair-bonded-leather-mvl11722,Marlee Midback Chair Bonded Leather MVL11722
mvl2732-annapolis-high-back-luxhide-tilter,MVL2732 Annapolis | High Back Luxhide Tilter
halifax-typical-9,Halifax Typical 9
the-halifax-collection,The Halifax Collection
koko-tables,KOKO Tables
halifax-executive-suite,Halifax Executive Suite
halifax-typical-4,Halifax Typical 4
halifax-series,Halifax Series
laminate-lockers-1,Laminate Lockers
laminate-lockers-copy,Laminate Lockers
dolly-for-sonic-chairs-6517ws,Dolly for Sonic Chairs 6517WS
work-table-at,Work Table AT
kensington-universal-charge-sync-tablet-cabinet,Kensington Universal Charge/Sync Tablet Cabinet
kensington-ac12-security-charging-cabinet,Kensington AC12 Security Charging Cabinet
ganging-plates-for-terina-tables-gfcngfp,Ganging Plates for Terina Tables GFCNGFP
sora-mesh-back-chair-6941-6942,Sora Mesh Back Chair 6941 6942
felt-acoustic-room-dividers,Felt Acoustic Room Dividers
felt-acoustic-wall-tiles,Felt Acoustic Wall Tiles
ceiling-grids-sound-acoustic-dampeners-copy,Ceiling Grids Sound Acoustic Dampeners
ceiling-grids-sound-acoustic-dampeners-orb,Ceiling Grids Sound Acoustic Dampeners ORB
hardware-for-ceiling-tiles,Hardware for Ceiling Tiles
mobile-pedestal-file-file,Mobile Pedestal File / File
scoot-8945bl-lectern,Scoot 8945BL Lectern
innovations-u-shape-suite,Innovations U-Shape Suite
obusforme-comfort-medium-back-chair-fabric-1241-3-copy,ObusForme Comfort Medium back Chair 1241-3
l-shape-desk-with-36h-privacy-panel,"L-Shape Desk with 36""H Privacy Panel"
l-shape-desk-with-36h-privacy-panel-1,"L-Shape Desk with 36""H Privacy Panel"
round-table-cross-base-8-colours,Round Table Cross Base 8 Colours
jax-sit-to-stand,JAX Sit to Stand
power-plant-500222pp90-daisychaining,Power Plant 500222PP90 Daisychaining
quick-assembly-height-adjustable-base,Quick Assembly Height Adjustable Base
circular-reception-unit-w-41-r,Circular Reception Unit W-41-R
luray-executive-chair,LURAY Executive Chair
kneeling-chair-kcm1420,Kneeling Chair KCM1420
monitor-arms,Monitor Arms
racetrack-conference-table-1-top,"Racetrack Conference Table 1"" Top"
display-shelving,Display Shelving
storage-cabinet-with-doors,Storage Cabinet with Doors
meeting-table,Meeting Table
l-shape-suire,L-Shape Suite HTWLEV1LOOP
wardrobe-storage-cabinet-htwlevsr7218,Wardrobe / Storage Cabinet HTWLEVSR7218
offices-to-go-newland-u-shaped-suites-nlp406,Offices to Go® Newland™ U-Shaped Suites NLP406
height-adjustable-l-shape-table-1,Height Adjustable L-Shape Table
cabinet-file-file-right-wardrobe-inv-6524cffwr-24,Cabinet / File / File / Right Wardrobe INV-6524CFFWR-24
links-custom-reception-unit-60x72,"Links Custom Reception Unit 60""x72"""
credenza-storage-storage-with-locks,Credenza Storage / Storage with locks
coffee-table-1,Coffee Table
indigenous-medicine-wheel-huddl,Indigenous Medicine Wheel HUDDL
lockers-2-tier,Lockers 2-Tier
metal-cross-base-with-levelers,Metal Cross Base with Levelers
metal-round-metal-base,Metal Round Metal Base
metal-square-metal-base,Metal Square Metal Base
manual-height-adjustable-base,MANUAL HEIGHT ADJUSTABLE BASE (Tops sold separately)
desk-shells,Desk Shells
bungee-tables-rectangular-flip-top-table-spider-legs-wheels,"Bungee™ Tables Rectangular Flip-Top Table, Spider Legs, Wheels"
l-shape-desk-with-hutch,"L-Shape Desk with Hutch 72""X72"""
l-shape-desk-set-72x72,"L-Shape Desk Set 72""x72"" BBF/FF INNOVATIONS"
please-select-a-finish-1,Please Select a Finish
executive-workstation-10x10,Executive Workstation 10'x10'
management-u-shaped-suite-with-3-stage-height-adjustable-table-nlp410,"Management ""U"" Shaped Suite with 3-Stage Height Adjustable Table NLP410"
hutch-with-doors,Hutch with Doors (Assembled)
robust-high-back-multi-tilter-chair-2526,Robust High Back Multi-Tilter Chair 2526
dispose,Disposal Program
metal-apex-desk,Metal APEX Desk
contemporary-metal-desk,Contemporary Metal Desk
additional-services-dismantle-re-assemble,Additional Services-Dismantle & Re-Assemble
cluster-seating,Cluster Seating 4
cluster-seating-2,Cluster Seating 2
concorde-high-back-24hr-executive-synchro-tilter-2424,Concorde® High Back 24HR Executive Synchro-Tilter (2424)
concorde-high-back-24hr-executive-synchro-tilter-deep-seat-2424-18,"Concorde® High Back 24HR Executive Synchro-Tilter, Deep Seat (2424-18)"
mobile-machine-stand-with-shelf-on-wheels,Mobile Machine Stand with Shelf on wheels
height-adjustable-base-pneumatic,Height Adjustable Base Pneumatic (Top Sold Separately)
mvl2786-yoho-armless-low-back-task-chair,MVL2786 Yoho | Armless Low Back Task Chair
obusforme-comfort-medium-back-chair-fabric-1241-3-copy-1,ObusForme Comfort Medium back Chair  1261-3 Schukra
desk-top-dividers-1,Desk Top Dividers
new-pneumatic-single-arm-monitor-stand,"""New"" Pneumatic Single-Arm Monitor Stand"
laptop-holder-for-100-ma1c-100-ma2c-monitor-arms,Laptop Holder for 100-MA1C & 100-MA2C Monitor Arms only
sonic-armchair-upholstered-seat-polypropylene-back-casters-6574,"Sonic™ Armchair, Upholstered Seat & Polypropylene Back, Casters (6574)"
newland-16w-box-box-file-mobile-pedestal-nlmp23bbf,"Newland | 16""W Box/Box/File Mobile Pedestal NLMP23BBF"
keys-2-set,Keys 2/set
levels-bookcase,Levels Bookcase
follower-block-mvlfb,Follower Block MVLFB
global-accord-mesh-back-tilter,Global Accord™ Mesh Back Tilter
mvl3103-avro-upholstered-seat-mesh-back-multi-tilter,MVL3103 Avro | Upholstered Seat & Mesh Back Multi-Tilter
round-metal-base,Round Metal Base
fax-printer-machine-stand,"Fax, Printer, Machine Stand"
temptations-office-suite,Temptations Office Suite
temptations-office-suite-copy,The Corporate Office Suite
efloat-quattro-humanscale,eFloat Quattro Humanscale
eor-guest-chair-mvl3920b,EOR Guest chair MVL3920B
armless-low-back-stacking-chair-mvl2748,Armless Low Back Stacking Chair MVL2748
low-back-stacking-chair-mvl2747,Low Back Stacking Chair MVL2747
finch-armless-stacking-armchair-mvl11704,Finch | Armless Stacking Armchair MVL11704
humanscale-nova-lighting,Humanscale Nova Lighting
l-shape-suite-layout-41c,L-Shape Suite Layout #41C
ibex-upholstered-seat-back-guest-chair-mvl2832,Ibex | Upholstered Seat &  Back Guest Chair MVL2832
custom-reception-unit-accessories,Custom Reception Unit & Accessories
tritek-7472-3-chair,Tritek 7472-3 Chair
spritz-with-arms-and-castors-6765c,Spritz with Arms and Castors 6765C
arm-caps-for-2330-chair,Arm Caps for 2330 chair
solo-gues-chair,SOLO GUEST CHAIR 5225SSU
cord-cover,Cord Cover Snake
white-board-magnetic-mobile-on-wheels,White Board Magnetic (mobile) on wheels
pneumatic-single-table,PNEUMATIC SINGLE TABLE
mesh-chair-java-otg10902,Mesh Chair Java OTG10902
sonic-armless-counter-stool-polypropylene-seat-back-6558cs,"Sonic™ Armless Counter Stool, Polypropylene Seat & Back (6558CS)"
sonic-armchair-polypropylene-seat-back-6513,"Sonic™ Armchair, Polypropylene Seat & Back (6513)"
quick-assembly-electric-height-adjustable-base,Quick Assembly Electric Height Adjustable Base
solid-steel-shelving-starter-set,"Solid Steel Shelving, Starter Set"
colour,Colour
obusforme-comfort-high-back-chair-1260-3-schukra,ObusForme Comfort High Back Chair  1260-3 Schukra
l-shape-workstations,"L-Shape Workstations (9 Sizes, 8 Colours)"
lateral-file-used-5-drawer-beige-nevada,Lateral File (USED) 5 Drawer Beige Nevada
grommet-hole-cover,Grommet Hole & Cover
table-tops,Table Tops (17 Shapes & Sizes)
table-desk-height-adjustable,Table Desk Height Adjustable
lateral-file-storage-cabinet-with-shelves,Lateral File & Storage Cabinet with Shelves
lateral-file-storage-cabinet-with-shelves-copy,Lateral File & Storage Cabinet with Shelves
ibex-mesh-seat-back-armless-drafting-chair-mvl2827,Ibex | Mesh Seat & Back Armless Drafting Chair MVL2827
corner-maker-12,"Corner Maker 12"""
i-pad-holders,iPad Holders
coat-tree,Coat Tree
corner-maker-2-sizes,Corner Maker 2 sizes
folding-chair-cart,Folding Chair Cart
6-drawer-end-tab-cabinet-s128-drawers,6 Drawer End Tab Cabinet S128 Drawers
round-table-29-high-8-colours,"Round Table 29"" High (8 Colours)"
electric-desk-riser-dual-monitor-arm,Electric Desk Riser + Dual Monitor Arm
round-table-42,"Round Table 42"""
demeter-mid-back-ergonomic-chair-buyers-choice-award,"DEMETER Mid Back Ergonomic Chair ""Buyers Choice Award"""
ultra-medium-back-guest-chair-with-arms-mvl11742,Ultra | Medium Back Guest Chair with Arms MVL11742
alphabetter-stand-up-desk,AlphaBetter Stand-Up Desk
evolve-workstations,Evolve Workstations
delivery,Delivery
installation-1,Installation
vitrola-lounge-seating-4-size-options,Vitrola Lounge Seating (4 Size options)
ultra-guest-chair,Ultra Guest Chair
