Redirect from,Redirect to
/products/bungee™-tables-rectangular-flip-top-table-spider-legs-wheels,/products/bungee-tables-rectangular-flip-top-table-spider-legs-wheels
/products/concorde®-high-back-24hr-executive-synchro-tilter-2424,/products/concorde-high-back-24hr-executive-synchro-tilter-2424
/products/concorde®-high-back-24hr-executive-synchro-tilter-deep-seat-2424-18,/products/concorde-high-back-24hr-executive-synchro-tilter-deep-seat-2424-18
/products/global-accord™-mesh-back-tilter,/products/global-accord-mesh-back-tilter
/products/offices-to-go®-newland™-l-shaped-suite-nlp420,/products/offices-to-go-newland-l-shaped-suite-nlp420
/products/offices-to-go®-newland™-u-shaped-suites-nlp406,/products/offices-to-go-newland-u-shaped-suites-nlp406
/products/sonic™-armchair-polypropylene-seat-back-6513,/products/sonic-armchair-polypropylene-seat-back-6513
/products/sonic™-armchair-upholstered-seat-polypropylene-back-casters-6574,/products/sonic-armchair-upholstered-seat-polypropylene-back-casters-6574
/products/sonic™-armless-counter-stool-polypropylene-seat-back-6558cs,/products/sonic-armless-counter-stool-polypropylene-seat-back-6558cs
